DEPT_CD,DEPT_NAME,UP_DEPT_CD,DEPT_SORT_ORDR,DEPT_STATUS
A4CSH00000000,㈜수산세보틱스,CKOET00063,1,U
A4CSH10000000,회장,A4CSH00000000,1,U
A4CSH11000000,CEO,A4CSH10000000,1,U
A4CSH11100000,BR영업부문,A4CSH11000000,1,U
A4CSH11110000,BR영업팀,A4CSH11100000,1,U
A4CSH11110100,BR국내영업팀,A4CSH11110000,1,U
A4CSH11110200,BR해외영업팀,A4CSH11110000,2,U
A4CSH11120000,(X)CR영업팀,A4CSH11100000,2,U
A4CSH11120100,(X)국내영업2팀,A4CSH11120000,1,U
A4CSH11120200,(X)CR해외영업팀,A4CSH11120000,2,U
A4CSH11120400,(X)CR_러시아,A4CSH11100000,5,U
A4CSH11160000,(X)중국법인,A4CSH11100000,3,U
A4CSH11170000,(X)출하부품팀,A4CSH11100000,4,U
A4CSH11170100,(X)고객지원팀(A/S),A4CSH13000000,1,U
A4CSH11170200,(X)부품판매(국내),A4CSH11170000,1,U
A4CSH11170300,(X)부품판매(해외),A4CSH11170000,2,U
A4CSH11180000,CSO,A4CSH11000000,19,U
A4CSH11200000,BR생산부문,A4CSH13000000,2,U
A4CSH11210000,BR생산팀,A4CSH11200000,1,U
A4CSH11210100,(X)생산팀(BR생관),A4CSH11210000,1,U
A4CSH11210200,(X)생산팀(BR기준),A4CSH11210000,2,U
A4CSH11210300,(X)구매팀-BR,A4CSH11210000,3,U
A4CSH11210400,BR자재팀,A4CSH11210000,4,U
A4CSH11210500,(X)생산팀(BR생기),A4CSH11210000,5,U
A4CSH11210600,BR_연삭반,A4CSH11210000,6,U
A4CSH11210700,BR_열처리,A4CSH11210000,7,U
A4CSH11210800,BR_BKT조립,A4CSH11210000,8,U
A4CSH11210900,BR_M/B조립,A4CSH11210000,9,U
A4CSH11211000,BR_출하,A4CSH11210000,10,U
A4CSH11211100,BR_선삭반,A4CSH11210000,11,U
A4CSH11220000,CR생산팀,A4CSH11200000,2,U
A4CSH11220100,(X)생산팀(CR생관),A4CSH11220000,1,U
A4CSH11220200,(X)생산팀(CR기준),A4CSH11220000,2,U
A4CSH11220300,(X)구매팀-CR,A4CSH11220000,3,U
A4CSH11220400,CR자재팀,A4CSH11220000,4,U
A4CSH11220500,CR_BODY조립,A4CSH11220000,5,U
A4CSH11220510,CR_BOOM조립,A4CSH11220000,8,U
A4CSH11220520,CR_전기/옵션,A4CSH11220000,9,U
A4CSH11220530,CR_도장,A4CSH11220000,10,U
A4CSH11220540,CR_장착,A4CSH11220000,11,U
A4CSH11220600,(X)고객지원팀(CR장착),A4CSH11220000,6,U
A4CSH11220700,CR_출하,A4CSH11220000,7,U
A4CSH11220800,(X)출하팀(고객지원팀(A/S)),A4CSH11170100,2,U
A4CSH11220810,(X)출하(출하부품팀),A4CSH11170000,3,U
A4CSH11220900,CR고객지원,A4CSH11170100,1,U
A4CSH11230000,구매팀,A4CSH11200000,3,U
A4CSH11231000,구매부문,A4CSH13000000,4,U
A4CSH11231100,(X)원가혁신팀,A4CSH11231000,1,U
A4CSH11231200,외주구매팀,A4CSH11231000,2,U
A4CSH11240000,(X)생산팀,A4CSH11200000,4,U
A4CSH11300000,(X)로드부문,A4CSH11000000,2,U
A4CSH11310000,로드영업팀,A4CSH11300000,2,U
A4CSH11310100,(X)로드영업팀(국내),A4CSH11310000,1,U
A4CSH11310200,(X)로드영업팀(해외),A4CSH11310000,2,U
A4CSH11310300,BR부품팀,A4CSH11310000,3,U
A4CSH11320000,로드생산팀,A4CSH11300000,3,U
A4CSH11320100,(X)로드생산팀(생관),A4CSH11320000,1,U
A4CSH11320200,RD_가공,A4CSH11320000,2,U
A4CSH11320300,RD_열처리,A4CSH11320000,3,U
A4CSH11330000,로드출하팀,A4CSH11300000,1,U
A4CSH11400000,화성연구소,A4CSH14000000,1,U
A4CSH11410000,BR개발팀,A4CSH11400000,2,U
A4CSH11420000,CR개발팀,A4CSH11400000,3,U
A4CSH11430000,(X)연구지원팀,A4CSH11400000,4,U
A4CSH11430100,(X)연구지원팀(지원),A4CSH11430000,1,U
A4CSH11430200,(X)연구지원팀(구조),A4CSH11430000,2,U
A4CSH11430300,(X)연구지원팀(유압),A4CSH11430000,3,U
A4CSH11430400,(X)기술관리/드리프터팀,A4CSH11400000,6,U
A4CSH11430500,(X)구조해석팀,A4CSH14000000,2,U
A4CSH11430600,(X)기술관리팀,A4CSH14000000,3,U
A4CSH11440000,(X)천공기개발2팀,A4CSH11400000,5,U
A4CSH11450000,SA개발팀,A4CSH11400000,1,U
A4CSH11500000,경영지원부문,A4CSH13000000,3,U
A4CSH11510000,(X)인사총무1팀,A4CSH11500000,1,U
A4CSH11510100,인사기획팀,A4CSH11510000,1,U
A4CSH11510200,총무지원팀,A4CSH11510000,2,U
A4CSH11510210,총무지원팀(화성),A4CSH11510200,1,U
A4CSH11510220,총무지원팀(아산),A4CSH11510200,2,U
A4CSH11510300,IT혁신팀,A4CSH11510000,3,U
A4CSH11510400,(X)총무팀(법무),A4CSH11510000,4,U
A4CSH11510500,디지털혁신팀,A4CSH13000000,7,U
A4CSH11520000,경영관리팀,A4CSH11500000,2,U
A4CSH11520100,(X)경영관리팀(재무),A4CSH11520000,1,U
A4CSH11520200,(X)경영관리팀(기획),A4CSH11520000,2,U
A4CSH11540000,(X)자재관리팀,A4CSH11200000,5,U
A4CSH11600000,품질부문,A4CSH11000000,3,U
A4CSH11610000,품질보증팀,A4CSH11600000,1,U
A4CSH11610100,품질관리팀,A4CSH11610000,1,U
A4CSH11610200,BR품질서비스팀,A4CSH11610000,2,U
A4CSH11700000,(X)생산기술부문,A4CSH11000000,12,U
A4CSH11800000,디지털혁신부문,A4CSH11000000,17,U
A4CSH11900000,CDO,A4CSH11000000,21,U
A4CSH11980000,BR사업본부,A4CSH11000000,16,U
A4CSH12000000,사외이사,A4CSH10000000,2,U
A4CSH12100000,감사,A4CSH11000000,18,U
A4CSH12200000,고문,A4CSH11000000,15,U
A4CSH12300000,노동조합,A4CSH11000000,20,U
A4CSH13000000,COO,A4CSH11000000,5,U
A4CSH14000000,CTO,A4CSH11000000,11,U
A4CSH14100000,연구개발부문,A4CSH14000000,6,U
A4CSH15000000,CFO,A4CSH11000000,13,U
A4CSH16000000,베트남법인(수산비나모터),A4CSH11000000,14,U
A4CSH17000000,CMO,A4CSH11100000,6,U
A4CSH17100000,영업부문,A4CSH17000000,2,U
A4CSH19000000,PLM추진팀,A4CSH11000000,6,U
A4CSH19100000,생산기술팀(화성),A4CSH11000000,7,U
A4CSH19100100,(X)신공장TFT(건축),A4CSH11000000,8,U
A4CSH19100200,(X)신공장TFT(설비),A4CSH11000000,9,U
A4CSH19100300,안전환경보건팀,A4CSH11000000,10,U
A4CSH21100000,특장영업부문,A4CSH17000000,1,U
A4CSH21101000,국내영업1팀(드릴),A4CSH21100000,1,U
A4CSH21101010,국내영업1팀(조선),A4CSH21100000,5,U
A4CSH21101020,국내영업1팀(특장),A4CSH21100000,6,U
A4CSH21101030,국내영업1팀(특수/군용),A4CSH21100000,7,U
A4CSH21101040,국내영업1팀(영업지원),A4CSH21100000,8,U
A4CSH21102000,국내영업2팀,A4CSH21100000,2,U
A4CSH21103000,해외영업팀,A4CSH21100000,3,U
A4CSH21104000,코마츠영업팀,A4CSH21100000,4,U
A4CSH22100000,생산부문(특장),A4CSH13000000,5,U
A4CSH22101000,생산팀(특장),A4CSH22100000,1,U
A4CSH22101010,1라인,A4CSH22101000,1,U
A4CSH22101020,2라인,A4CSH22101000,2,U
A4CSH22101030,3라인,A4CSH22101000,3,U
A4CSH22101040,전기라인,A4CSH22101000,4,U
A4CSH22101050,제관라인,A4CSH22101000,5,U
A4CSH22101060,가공라인,A4CSH22101000,6,U
A4CSH22101070,특장출하,A4CSH22101000,7,U
A4CSH22102000,생산기술팀(아산),A4CSH22100000,2,U
A4CSH22103000,자재팀(아산),A4CSH22100000,3,U
A4CSH23100000,고객지원부문,A4CSH13000000,6,U
A4CSH23101000,고객지원팀(특장),A4CSH23100000,1,U
A4CSH23102000,고객지원팀(코마츠),A4CSH23100000,2,U
A4CSH23103000,부품팀(특장),A4CSH23100000,4,U
A4CSH23104000,부품팀(코마츠),A4CSH23100000,3,U
A4CSH24100000,아산연구소,A4CSH14000000,4,U
A4CSH24101000,천공기개발1팀,A4CSH24100000,1,U
A4CSH24102000,천공기개발2팀,A4CSH24100000,2,U
A4CSH24103000,특장개발1팀,A4CSH24100000,3,U
A4CSH24104000,특장개발2팀,A4CSH24100000,4,U
A4CSH24105000,제어1팀,A4CSH24100000,5,U
A4CSH24106000,제어2팀,A4CSH24100000,6,U
A4CSH24107000,기술관리팀,A4CSH24100000,7,U
A4CSH24108000,선행기술팀,A4CSH24100000,8,U
A4CSH25100000,선행연구센터,A4CSH14000000,5,U
A4CSH25101000,구조해석팀,A4CSH25100000,1,U
A4CSH99999999,(X)퇴직,A4CSH11000000,4,U
CKOET00063,주식회사 수산세보틱스,ROOT,1,U
