ITEM_CD,ITEM_NM,ITEM_GROUP_NM,SPEC,BASIC_UNIT,HS_CD
002206-711120,"HYDRAULIC HOSE/SDQ02P/PF1/4""X320KX1000L",SDQ02P,"PF1/4""X320KX1000L",EA,
004013-181008,"GREASE NIPPLE/SDQ02P/1/8""",SDQ02P,"1/8""",EA,
0221-045002,SNAP RING/SDQ02P/D45(FOR SHAFT),SDQ02P,D45(FOR SHAFT),EA,
1109090,ROUND BAR/D90/SNCM439,SB43,D90,KG,
1111111,A FO DOOR MODULE FLH,SB10,AAAAAAA-AA,EA,8412.90-9000
1119205,ROUND BAR/D205/AE4145M,SQ180,D205,KG,
1129114,ROUND BAR/D114.3/AW501,SB50,,KG,8431.49-9000
1157003,SQUARE BAR/360X335-FB/SCM440,SB4000,360X335-FB,KG,
1211-79400,RUBBER  CUSHION ( JD-2000 ),SD-25,"-, -, -",EA,
1412001,CYLINDER/SB200H/500X385X1016/31CrMoV9,SB200H,500X370X1016,EA,8412.90-9000
1413001,CYLINDER/SB200H/500X385X1016/SCM440,SB200H,500X370X1016,EA,8412.90-9000
1420005,BACK HEAD/SB40/152X200X162/SCM420,SB40,152X200X162,EA,8431.49-9000
1420005-TEST,BACK HEAD/SB40/152X200X162/SCM420,SB40,152X200X162,EA,8431.49-9000
1420006,BACK HEAD/SB45/175X235X265/SCM420,SB45,175X235X265,EA,8431.49-9000
1420007,BACK HEAD/SB50/275X220X261/SCM420,SB50,275X220X261,EA,8431.49-9000
1420008,BACK HEAD/SB81/360X265X361/SCM420,SB81,360X265X361,EA,8431.49-9000
1420008-TEST,BACK HEAD/SB81/360X265X361/SCM420,SB81,360X265X361,EA,8431.49-9000
1420009,BACK HEAD/SB125/395X300X383/SCM420,SB125,395X300X383,EA,8431.49-9000
1420018,CYLINDER/SB40/152X200X375/SCM420,SB40,152X200X375,EA,8412.90-9000
1420018-TEST,CYLINDER/SB40/152X200X375/SCM420,SB40,152X200X375,EA,8412.90-9000
1420019,CYLINDER/SB45/175X235X497/SCM420,SB45,175X235X497,EA,8412.90-9000
1420020,CYLINDER/SB50/275X220X541/SCM420,SB50,275X220X541,EA,8412.90-9000
1420021,CYLINDER/SB81/360X265X559/SCM420,SB81,360X265X559,EA,8412.90-9000
1420021-TEST,CYLINDER/SB81/360X265X559/SCM420,SB81,360X265X559,EA,8412.90-9000
1420022,CYLINDER/SB125/395X300X636/SCM420,SB125,395X300X636,EA,8412.90-9000
1420047,FRONT HEAD/SB40/152X165X406/SCM420,SB40,152X165X406,EA,8431.49-9000
1420047-TEST,FRONT HEAD/SB40/152X165X406/SCM420,SB40,152X165X406,EA,8431.49-9000
1420048,FRONT HEAD/SB45/175X200X490/SCM420,SB45,175X200X490,EA,8431.49-9000
1420049,FRONT HEAD/SB50/240X220X559/SCM420,SB50,240X220X559,EA,8431.49-9000
1420050,FRONT HEAD/SB81/315X265X696/SCM420,SB81,315X265X696,EA,8431.49-9000
1420051,FRONT HEAD/SB125/335X295X773/SCM420,SB125,335X295X773,EA,8431.49-9000
1420071,FRONT HEAD/SB60/265X230X650/SCM420,SB60,265X230X650,EA,8431.49-9000
1420072,BACK HEAD/SB60/305X230X339/SCM420,SB60,305X230X339,EA,8431.49-9000
1420073,CYLINDER/SB60/305X230X518/SCM420,SB60,305X230X518,EA,8412.90-9000
1420083,CYLINDER/SB151/430X335X796/SCM420,SB151,430X335X796,EA,8412.90-9000
1420084,BACK HEAD/SB151/430X335X427/SCM420,SB151,435X330X427,EA,8431.49-9000
1420085,FRONT HEAD/SB151/360X330X952/SCM420,SB151,360X330X952,EA,8431.49-9000
1420087,CYLINDER/SB135/390X305X694/SCM420,SB135,390X305X694,EA,8412.90-9000
1420088,FRONT HEAD/SB130/335X305X847/SCM420,SB130,335X305X847,EA,8431.49-9000
1420089,BACK HEAD/SB130/390X310X388/SCM420,SB130,390X310X388,EA,8431.49-9000
1420090,BACK HEAD/SB30/120X165X171/SCM420,SB30,120X165X171,EA,8431.49-9000
1420090-TEST,BACK HEAD/SB30/120X165X171/SCM420,SB30,120X165X171,EA,8431.49-9000
1420091,CYLINDER/SB30/120X165X349/SCM420,SB30,120X165X349,EA,8412.90-9000
1420091-TEST,CYLINDER/SB30/120X165X349/SCM420,SB30,120X165X349,EA,8412.90-9000
1420093,CYLINDER/SB20/112X155X332/SCM420,SB20,112X155X332,EA,8412.90-9000
1420094,FRONT HEAD/SB20/112X125X304/SCM420,SB20,112X125X304,EA,8431.49-9000
1420095,BACK HEAD/SB20/112X155X152/SCM420,SB20,112X155X152,EA,8431.49-9000
1420105,CYLINDER/SB10/107X142X316/SCM420,SB10,107X142X316,EA,8412.90-9000
1420106,FRONT HEAD/SB10/107X117X276/SCM420,SB10,107X117X276,EA,8431.49-9000
1420107,BACK HEAD/SB10/107X142X128/SCM420,SB10,107X142X128,EA,8431.49-9000
1420108,CYLINDER/SB100/370X275X622/SCM420,SB100,370X275X622,EA,8412.90-9000
1420109,FRONT HEAD/SB100/325X275X731/SCM420,SB100,325X275X731,EA,8431.49-9000
1420110,BACK HEAD/SB100/370X275X365/SCM420,SB100,370X275X365,EA,8431.49-9000
1420114,FRONT HEAD/SB135/335X305X784/SCM420,SB135,335X305X784,EA,8431.49-9000
1420115,CYLINDER/SB35/140X185X371/SCM420,SB35,140X185X371,EA,8412.90-9000
1420117,BACK HEAD/SB35/140X185X166/SCM420,SB35,140X185X166,EA,8431.49-9000
1420118,CYLINDER/SB43/165X210X452/SCM420,SB43,165X210X452,EA,8412.90-9000
1420119,FRONT HEAD/SB43/165X175X460/SCM420,SB43,165X175X460,EA,8431.49-9000
1420120,BACK HEAD/SB43/165X210X218/SCM420,SB43,165X210X218,EA,8431.49-9000
1420121,CYLINDER/SB70/330X245X548/SCM420,SB70,330X245X548,EA,8412.90-9000
1420122,FRONT HEAD/SB70/285X245X666/SCM420,SB70,285X245X666,EA,8431.49-9000
1420123,BACK HEAD/SB70/330X245X337/SCM420,SB70,330X245X337,EA,8431.49-9000
1420124,CYLINDER/415X310X736/SCM420,SB140,415X310X736,EA,8412.90-9000
1420125,FRONT HEAD/350X310X862/SCM420,SB140,350X310X862,EA,8431.49-9000
1420126,BACK HEAD/415X310X413/SCM420,SB140,415X310X413,EA,8431.49-9000
1420127,FRONT HEAD/SB30/125X137X341/SCM420,SB30,125X137X341,EA,8431.49-9000
1420127-TEST,FRONT HEAD/SB30/125X137X341/SCM420,SB30,125X137X341,EA,8431.49-9000
1420128,FRONT HEAD/SB35/152X152X371/SCM420,SB35,152X152X371,EA,8431.49-9000
1420136,CYLINDER/SQ140/415X310X746/SCM420,SQ140,415X310X746,EA,8412.90-9000
1420137,FRONT HEAD/SQ140개발/350X310X862/SCM420,SQ140,350X310X862,EA,8431.49-9000
1420138,BACK HEAD/SQ140개발/450X390X375/SCM420,SQ140,450X390X375,EA,8431.49-9000
1420140,FRONT HEAD/SB140내/350X310X801/SCM420,SB140,350X310X801,EA,8431.49-9000
1420141,CYLINDER/SQ180/500X370X936/SCM420,SQ180,500X370X936,EA,8412.90-9000
1420142,FRONT HEAD/SQ180/430X370X1078/SCM420,SQ180,430X370X1078,EA,8431.49-9000
1420143,BACK HEAD/SQ180개발/510X440X408/SCM420,SQ180,510X440X408,EA,8431.49-9000
1420144,CYLINDER/SQ180개발/500X360X936/SCM420,SQ180,500X360X936,EA,8412.90-9000
1420145,FRONT HEAD/SQ180개발/430X360X1078/SCM420,SQ180,430X360X1078,EA,8431.49-9000
1420146,BACK HEAD/SQ150개발/445X405X427/SCM420,SQ150,445X405X427,EA,8431.49-9000
1420147,BACK HEAD/SQ140/445X390X401/SCM420,SQ140,445X390X401,EA,8431.49-9000
1420148,BACK HEAD/SQ130개발/420X380X388/SCM420,SQ130,420X380X388,EA,8431.49-9000
1420149,BACK HEAD/SQ120/430X365X383/SCM420,SQ120,430X365X383,EA,8431.49-9000
1420150,BACK HEAD/SQ100/개발/410X335X368/SCM420,SQ100,410X335X368,EA,8431.49-9000
1420151,CYLINDER/SQ80/360X265X589/SCM420,SQ80,360X265X589,EA,8412.90-9000
1420152,FRONT HEAD/SQ80개발/315X265X686/SCM420,SQ80,315X265X686,EA,8431.49-9000
1420153,BACK HEAD/SQ80/405X325X361/SCM420,SQ80,405X325X361,EA,8431.49-9000
1420158,BACK HEAD/SQ70/365X305X337/SCM420,SQ70,365X305X337,EA,8431.49-9000
1420159,BACK HEAD/SQ60/350X290X339/SCM420,SQ60,350X290X339,EA,8431.49-9000
1420168,FRONT HEAD/SB81NII수/285X260X666/SCM420,SB70,285X260X666,EA,8431.49-9000
1420169,FRONT HEAD/SB100II수/325X300X731/SCM420,SB70,325X300X731,EA,8431.49-9000
1420177,BACK HEAD/SB43B/166X229X218/SCM420,SB43B,166X229X218,EA,8431.49-9000
1420179,CYLINDER/SB43B/175X235X452/SCM420,SB43B,175X235X452,EA,8412.90-9000
1420183,FRONT HEAD/SU+145/305X345X791/SCM420,SQ140,305X345X791,EA,8431.49-9000
1420186,CYLINDER/SB147P/310X415X863/SCM420,SB147P,310X415X863,EA,8412.90-9000
1420187,FRONT HEAD/SB147P/310X350X809/SCM420,SB147P,310X350X809,EA,8431.49-9000
1420188,CYLINDER/SB147/310X415X807/SCM420,SB147,310X415X807,EA,8412.90-9000
1420190,CYLINDER/SB157/335X430X891/SCM420,SB157,335X430X891,EA,8412.90-9000
1420191,FRONT HEAD/SB157/330X360X897/SCM420,SB157,330X360X897,EA,8431.49-9000
1420192,CYLINDER/SQ181/370X500X1014/SCM420,SQ181,370X500X1014,EA,8412.90-9000
1420193,FRONT HEAD/SQ181/370X430X1078/SCM420,SQ181,370X430X1078,EA,8431.49-9000
1420197,CYLINDER/Q500/335X430X929/SCM420,SB160,335X430X929,EA,8431.49-9000
1420202,CYLINDER/SB125T/300X395X717/SCM420,SB125T,300X395X717,EA,8412.90-9000
1420203,CYLINDER/SB170/375X455X1033/SCM420,SB170,375X455X1033,EA,8412.90-9000
1420204,FRONT HEAD/SB170/375X380X925/SCM420,SB170,375X380X925,EA,8431.49-9000
1420205,BACK HEAD/SB170/375X450X456/SCM420,SB170,375X450X456,EA,8431.49-9000
1420206,CYLINDER/SB200/510X460X1055/SCM420,SB200,510X460X1055,EA,8412.90-9000
1420207,FRONT HEAD/SB200/470X460X1134/SCM420,SB200,470X460X1134,EA,8431.49-9000
1420208,BACK HEAD/SB200/510X460X429/SCM420,SB200,510X460X429,EA,8431.49-9000
1420209,VALVE HOUSING/SB200/460X410X172/SCM420,SB200,460X410X172,EA,8431.49-9000
1420210,VALVE COVER/SB200/40X300X150/SCM415,SB200,40X300X150,EA,8431.49-9000
1420211,CYLINDER/SB149P/310X400X893/SCM420,SB149P,310X400X893,EA,
1420212,FRONT HEAD/SB149P/310X350X837/SCM420,SB149P,310X350X837,EA,
1420213,BACK HEAD/SB149P/310X350X412/SCM420,SB149P,310X350X412,EA,8431.49-9000
1420214,VALVE HOUSING/SB149P/310X360X156/SCM420,SB149P,310X360X156,EA,
1420215,VALVE COVER/SB149P/220X150X40/SCM420,SB149P,220X150X40,EA,
1420216,FRONT HEAD/SB170/385X400X925/SCM420,SB170,385X400X925,EA,8412.90-9000
1420217,FRONT HEAD/SB161/360X360X899/SCM420,SB161,360X360X899,EA,8412.90-9000
1420218,CYLINDER/SB161/335X435X893/SCM420,SB161,335X435X893,EA,8412.90-9000
1420219,BACK HEAD/SB161/335X435X429/SCM420,SB161,335X435X429,EA,8431.49-9000
1420236,CYLINDER/SB176/460X385X1033/SCM420,SB195H,460X385X1033,EA,8412.90-9000
1420237,BACK HEAD/SB195H/385X462.5X456/SCM420,SB195H,385X462.5X456,EA,8431.49-9000
1420238,FRONT HEAD/SB3000/350X310X865/SCM420,SB3000,350X310X865,EA,
1420239,CYLINDER/SB3000/310X415X901/SCM420,SB3000,310X415X901,EA,
1420240,BACK HEAD/SB3000/415X310X410/SCM420,SB3000,415X310X410,EA,
1420241,FRONT HEAD/SQ43P/165X175X423/SCM420,SQ43P,165X175X423,EA,
1420242,CYLINDER/SB40P/165X210X429/SCM420,SB40P,165X210X429,EA,
1420243,BACK HEAD/SB40P/165X210X183/SCM420,SB40P,165X210X183,EA,
1420244,FRONT HEAD/SB60P/230X265X580,SB60P,230X265X580,EA,
1420245,FRONT HEAD/SB200H/430X385X1080/SCM420,SB200H,430X385X1080,EA,8431.49-9000
1420246,BACK HEAD/SB200H/500X370X410/SCM420,SB200H,500X370X410,EA,8431.49-9000
1420247,CYLINDER/SB177/385X465X1033/SCM420,SB177,385X465X1033,EA,8412.90-9000
1420248,BACK HEAD/SB177/385X465X456/SCM420,SB177,385X465X456,EA,8431.49-9000
1420249,CYLINDER/SB200H/500X385X1016/SCM420,SB200H,500X385X1016,EA,8412.90-9000
1420250,BACK HEAD/SB200H/500X385X410/SCM420,SB200H,500X385X410,EA,8431.49-9000
1420251,FRONT HEAD/SB195H-II/355X415X960/SCM420,SB195H,355X415X960,EA,8412.90-9000
1420252,CYLINDER/SB195H-II/355X494X991/SCM420,SB195H,355X494X991,EA,8412.90-9000
1420253,BACK HEAD/SB195H-II/355X494X400/SCM420,SB195H,355X494X400,EA,8431.49-9000
1420254,FRONT HEAD/SB5000II/355X415X938/SCM420,SB170,355X415X938,EA,8412.90-9000
1420255,FRONT HEAD/SB3000II/310X350X828/SCM420,SB3000,310X350X828,EA,8431.49-9000
1420255-TEST,FRONT HEAD/SB3000II/310X350X828/SCM420,SB3000,310X350X828,EA,8431.49-9000
1420256,CYLINDER/SB3000II/310X415X876/SCM420,SB3000II,310X415X876,EA,8431.49-9000
1420256E,CYLINDER/SB3000II/310X415X876/SCM420/수입산,SB3200,310X415X876,EA,8431.49-9000
1420256-TEST,CYLINDER/SB3000II/310X415X876/SCM420,SB3000II,310X415X876,EA,8431.49-9000
1420257,BACK HEAD/SB3000II/310X415X395/SCM420,SB3000II,310X415X395,EA,8431.49-9000
1420257E,BACK HEAD/SB3000II/310X415X395/SCM420/수입산,SB3200,310X415X395,EA,8431.49-9000
1420257-TEST,BACK HEAD/SB3000II/310X415X395/SCM420,SB3000,310X415X395,EA,
1420258,FRONT HEADI/SB200L/355X415X1031/SCM420,SB200L,355X415X1031,EA,8431.49-9000
1420259,FRONT HEAD/SB210H/400X380X962/SCM420,SB210H,400X380X962,EA,8431.49-9000
1420260,CYLINDER/SB210H/430X380X960/SCM420,SB210H,430X380X960,EA,8412.90-9000
1420261,BACK HEAD/SB210H/430X380X420/SCM420,SB210H,430X380X420,EA,8431.49-9000
1420262,FRONT HEAD/SB205H/400X380X947/SCM420,SB205H,400X380X947,EA,8431.49-9000
1420263,VALVE HOUSING/SB210H/300X315X165/SCM420,SB210H,300X315X165,EA,8431.49-9000
1420265,FRONT HEAD/SB5000II/355X415X958/SCM420,SB5000II,355X415X958,EA,8412.90-9000
1420266,CYLINDER/SB4000/430X335X901/SCM420,SB4000,430X335X901,EA,8431.49-9000
1420267,BACK HEAD/SB4000/430X335X391/SCM420,SB4000,430X335X391,EA,8431.49-9000
1421000,BACK HEAD/SB40/152X200X164/20MnCr5,SB40,152X200X164,EA,8431.49-9000
1421001,CYLINDER/SB40/152X200X377/20MnCr5,SB40,152X200X377,EA,8412.90-9000
1421002,FRONT HEAD/SB40/152X165X408/20MnCr5,SB40,152X165X408,EA,8412.90-9000
1421003,"BACK HEAD/SB50,SU+55/275X220X263/20MnCr5",SB50,275X220X263,EA,8431.49-9000
1421004,CYLINDER/SB50/275X220X543/20MnCr5,SB50,275X220X543,EA,8412.90-9000
1421005,"FRONT HEAD/SB50,SU+55/240X220X561/20MnCr",SB50,240X220X561,EA,8412.90-9000
1421007,"BACK HEAD/SB81A,SU+85/360X265X363/20MnCr",SB81,360X265X363,EA,8431.49-9000
1421008,"CYLINDER/SB81,SU+85/360X265X561/20MnCr5",SB50,360X265X561,EA,8412.90-9000
1421009,FRONT HEAD/SB81/315X265X698/20MnCr5,SB81,315X265X698,EA,8412.90-9000
1421011,BACK HEAD/SB10/107X142X128/20MnCr5,SB10,107X142X128,EA,8431.49-9000
1421012,FRONT HEAD/SB20/112X125X304/20MnCr5,SB20,112X125X304,EA,8431.49-9000
1421013,BACK HEAD/SB20/112X155X152/20MnCr5,SB20,112X155X152,EA,8431.49-9000
1421014,CYLINDER/SB30/120X165X349/20MnCr5,SB30,120X165X349,EA,8412.90-9000
1421015,BACK HEAD/SB30/120X165X171/20MnCr5,SB30,120X165X171,EA,8431.49-9000
1421016,FRONT HEAD/SB35/152X152X371/20MnCr5,SB35,152X152X371,EA,8431.49-9000
1421017,BACK HEAD/SB35/140X185X166/20MnCr5,SB35,140X185X166,EA,8431.49-9000
1421018,BACK HEAD/SB45/175X235X265/20MnCr5,SB45,175X235X265,EA,8431.49-9000
1421019,FRONT HEAD/SB10/107X117X276/20MnCr5,SB10,107X117X276,EA,8431.49-9000
1460001,BACK HEAD/SB50/275X220X261/SCM440,SB50,275X220X261,EA,8431.49-9000
1460002,FRONT HEAD/SB4000/360X335X890/SCM440,SB4000,360X335X890,EA,8431.49-9000
1470001,FRONT HEAD/SB3000II/310X415X876/SCM440,SB3000II,310X415X876,EA,8431.49-9000
1470002,FRONT HEAD/SB3000II/310X350X828/SCM440,SB3000II,310X350X828,EA,8431.49-9000
2300005,STOP VALVE/1-1/4/D84145호환,SB125,1-1/4,EA,
2362004,SOLENOID VALVE/DSV2-100-P-N 100 24V,SB10,DSV2-100-P-N 100 24V,EA,8431.49-9000
2507448,"HOSE,OIL/D25XP210XL1300 5/90FL2",SB130,D25XP210XL1300 5/90FL2,EA,8431.49-9000
2526016,"HOSE,OIL/D6XP70XL300 5/905",SB70,D6XP70XL300 5/905,EA,8431.49-9000
2526062,"HOSE,OIL/D6XP70XL2000 5/905",SB130,D6XP70XL2000 5/905,EA,8431.49-9000
2526452,"HOSE,OIL/D25XP70XL1500 5/905",SB81,D25XP70XL1500 5/905,EA,8431.49-9000
2542450,"HOSE,OIL/D25XP210XL1400 3/3",SB130,D25XP210XL1400 3/3,EA,8431.49-9000
2552441,"HOSE,OIL/D25XP210XL950 5/F",SB81,D25XP210XL950 5/F,EA,8431.49-9000
2552444,"HOSE,OIL/D25XP210XL1100 5/F",SB81,D25XP210XL1100 5/F,EA,8431.49-9000
2552446,"HOSE,OIL/D32XP210XL1300 5/F",SB81,D32XP210XL1300 5/F,EA,8431.49-9000
2552448,"HOSE,OIL/D25XP210XL1300 5/F",SB130,D25XP210XL1300 5/F,EA,8431.49-9000
2552453,"HOSE,OIL/D25XP210XL1550 5/F",SB130,D25XP210XL1550 5/F,EA,8431.49-9000
2553458,"HOSE,OIL/D25XP210XL1800 4/555",SB130,D25XP210XL1800 4/555,EA,8431.49-9000
2555215,"HOSE,OIL/D12XP210XL292 5/905",SB43,D12XP210XL292 5/905,EA,8431.49-9000
2556432,"HOSE,OIL/D25XP210XL650 5/90F",SB130,D25XP210XL650 5/90F,EA,8431.49-9000
2556445,"HOSE,OIL/D25XP210XL1150 5/90F",SB125,D25XP210XL1150 5/90F,EA,8431.49-9000
2556454,"HOSE,OIL/D25XP210XL1600 5/90F",SB130,D25XP210XL1600 5/90F,EA,8431.49-9000
2564448,"HOSE,OIL/D25XP210XL1300 5/90F",SB81,D25XP210XL1300 5/90F,EA,8431.49-9000
2568026,"HOSE,OIL/D6XP210XL500 3/903",SB50,D6XP210XL500 3/903,EA,8431.49-9000
2568034,"HOSE,OIL/D6XP210XL700 3/903",SB50,D6XP210XL700 3/903,EA,8431.49-9000
2568338,"HOSE,OIL/D19XP210XL800 3/903",SB81,D19XP210XL800 3/903,EA,8431.49-9000
2568340,"HOSE,OIL/D19XP210XL900 3/903",SB81,D19XP210XL900 3/903,EA,8431.49-9000
2569349,"HOSE,OIL/D19XP210XL1350 5/905L2",SB130,D19XP210XL1350 5/905L2,EA,8431.49-9000
2584446,"HOSE,OIL/D25XP210XL1300 5/90FL3",SB130,D25XP210XL1300 5/90FL3,EA,8431.49-9000
2584542,"HOSE,OIL/D32XP210XL1000 5/90FL3",SB130,D32XP210XL1000 5/90FL3,EA,8431.49-9000
2585443,"HOSE,OIL/D25XP210XL1050 F/905",SB130,D25XP210XL1050 F/905,EA,8431.49-9000
2587444,"HOSE,OIL/D25XP210XL1100 4/55F",SB81,D25XP210XL1100 4/55F,EA,8431.49-9000
2587445,"HOSE,OIL/D25XP210XL1150 4/55F",SB81,D25XP210XL1150 4/55F,EA,8431.49-9000
2588054,"HOSE,OIL/D6XP70XL1600 5/903",SB50,D6XP70XL1600 5/903,EA,8431.49-9000
2588140,"HOSE,OIL/D9XP70XL900 5/903",SB130,D9XP70XL900 5/903,EA,8431.49-9000
2588348,"HOSE,OIL/D19XP70XL1300 5/903",SB50,D19XP70XL1300 5/903,EA,8431.49-9000
2611550,"HOSE,SPRING/D32XP350XL1400 3/5",SB130,D32XP350XL1400 3/5,EA,8431.49-9000
2681028,"HOSE,SPRING/D6XP210XL550 5/5",SB151,D6XP210XL550 5/5,EA,8431.49-9000
2681030,"HOSE,SPRING/D6XP210XL600 5/5",SB151,D6XP210XL600 5/5,EA,8431.49-9000
2685027,"HOSE,SPRING/D6XP210XL500 5/905",SB151,D6XP210XL500 5/905,EA,8431.49-9000
2698019,HOSE SET/SB50/ROBEX1300W,SB50,,EA,
2698020,HOSE SET/SB50/ROBEX1300LC-3,SB50,,EA,
2698138,HOSE SET/SB50/ROBEX1300LC,SB50,,EA,
2698147,HOSE SET/SB120/CAT325,SB125,,EA,
2698164,HOSE SET/SB50/MX132W,SB50,,SET,
2698221,HOSE SET/SB40/HE50WA,SB40,,EA,
2698223,HOSE SET/SB50/EX100,SB50,,EA,
2700657,"BUSHING,03/O-PF1-1/4XPT1",SB130,O-PF1-1/4XPT1,EA,
2710502,"ADAPTER,H,01/O-UNF7/8-14XPF1/2",SB40,"UNF7/8-14XPF1/2, S20C, -",EA,
2711802,"ADAPTER,H,40/PT3/4XUNF1-3/16-12N #3",SB50,PT3/4XUNF1-3/16-12N #3,EA,
2730454,"ADAPTER,W,91/R21XUNF1-3/16-12N #3",SB50,R21XUNF1-3/16-12N #3,EA,
2811007,"PACKING,U/NOK,IDI/125X140X10",SB60,"NOK,IDI/125x140x10, Urethane, -",EA,8431.49-9000
2811007ES,"PACKING,U/NOK,IDI/125X140X10",SB60,"NOK,IDI/125x140x10, URETHANE, -",EA,8431.49-9000
2811009,"PACKING,U/NOK,ISI/75X85X6 FU090",SB43,"NOK ISI 75X85X6, 05ZF, -",EA,8431.49-9000
2811009ES,"PACKING,U/NOK,ISI/75X85X6 FU090",SB43,"NOK ISI 75X85X6, 05ZF, -",EA,8431.49-9000
2811010,"PACKING,U/SB30/FU0679KO/NOK,ISI53X63X6",SB30,"NOK ISI 53X63X6, U801, -",EA,
2811010ES,"PACKING,U/SB30/FU0679KO/NOK,ISI53X63X6",SB30,"NOK ISI 53X63X6, U801, -",EA,8431.49-9000
2811012,"PACKING,U/SB100/NOK,ISI/150X165X9",SB100,"NOK,ISI/150X165X9",EA,8431.49-9000
2811014,"PACKING,U/NOK,IUIS/135X150X9/U641",SB70,"NOK,IUIS/135X150X9",EA,8431.49-9000
2811015,"SEAL,STEP/SB70/NOK,SPNS-133X148.5X5/19YF",SB70,"NOK,SPNS-133X148.5X5",EA,8431.49-9000
2811016,"SEAL,STEP/SB10/NOK,SPNS-37/19YF",SB10,"NOK,SPNS-37",EA,8431.49-9000
2811018,"PACKING,U/NOK,ISI/50X60X6/U801",SB30,"NOK ISI 50*60*6, U801, -",EA,8431.49-9000
2811018ES,"PACKING,U/NOK,ISI/50X60X6/U801",SB30,"NOK ISI 50*60*6, U801, -",EA,8431.49-9000
2811019,"SEAL,STEP/SB35/NOK,SPNS-57/19YF",SB35,"NOK,SPNS-57",EA,8431.49-9000
2811020,"SEAL,STEP/SB40/NOK,SPNS-68/19YF",SB40,"NOK,SPNS-68",EA,8431.49-9000
2811021,"SEAL,STEP/SB43/NOK,SPNS-73/19YF",SB43,"NOK,SPNS-73",EA,8431.49-9000
2811022,"SEAL,STEP/SB45/NOK,SPNS-83.5/19YF",SB45,"NOK,SPNS-83.5",EA,8431.49-9000
2811023,"SEAL,STEP/SB60/NOK,SPNS-123.5/19YF",SB60,"NOK,SPNS-123.5",EA,8431.49-9000
2811024,"SEAL,STEP/SB81/NOK,SPNS-138/19YF",SB81,"NOK,SPNS-138",EA,8431.49-9000
2811025,"SEAL,STEP/SB100/NOK,SPNS-147/19YF",SB100,"NOK,SPNS-147",EA,8431.49-9000
2811026,"SEAL,STEP/SB125/NOK,SPNS-157/19YF",SB125,"NOK,SPNS-157",EA,8431.49-9000
2811027,"SEAL,STEP/SB130/NOK,SPNS-167/19YF",SB130,"NOK,SPNS-167",EA,8431.49-9000
2811028,"SEAL,STEP/SB151/NOK,SPNS-177/19YF",SB151,"NOK,SPNS-177",EA,8431.49-9000
2811031,"PACKING,U/SB40/NOK,IUIS/70X80X6/U641",SB40,"NOK IUIS 70*80*6, U641, -",EA,8431.49-9000
2811031ES,"PACKING,U/SB40/NOK,IUIS/70X80X6/U641",SB40,", URETHANE, -",EA,8431.49-9000
2811032,"PACKING,U/NOK,IUIS/100X115X9/U641",SB50,"NOK IUIS 100*115*9, U641, -",EA,8431.49-9000
2811033,"PACKING,U/NOK,IUIS/180X200X12/U641",SB151,"NOK,IUIS/180X200X12",EA,8431.49-9000
2811039,"PACKING,U/NOK,IUIS/D170XD185X9/UH05",SB130,"NOK,IUIS/D170XD185X9",EA,8431.49-9000
2811040,"SEAL,STEP/NOK,SPNY167X182.5X6.1/05ZF",SB130,"NOK,SPNY167x182.5x6.1, 05ZF, -",EA,8431.49-9000
2811041,"SEAL,STEP/NOK,SPNY165X180.5X6.1/05ZF",SB130,"NOK,SPNY165X180.5X6.1",EA,8431.49-9000
2811043,"PACKING,U/NOK,IUIS/175X190X9/UH05",SB140,"NOK,IUIS/175X190X9",EA,8431.49-9000
2811044,"SEAL,STEP/NOK,SPNS37+O-RING/05ZF",SB10,"NOK SPNS37+O-RING, 05ZF, -",EA,8431.49-9000
2811045,"SEAL,STEP/NOK,SPNS57+O-RING/05ZF",SB35,"NOK SPNS57+O-RING, 05ZF, -",EA,8431.49-9000
2811045ES,"SEAL,STEP/NOK,SPNS57+O-RING/05ZF",SB35,"NOK SPNS57+O-RING, 05ZF, -",EA,8431.49-9000
2811046,"SEAL,STEP/NOK,SPNS68+O-RING/05ZF",SB40,"NOK SPNS68+O-RING, 05ZF, -",EA,8431.49-9000
2811046ES,"SEAL,STEP/NOK,SPNS68+O-RING/05ZF",SB40,", 05ZF, -",EA,8431.49-9000
2811047,"SEAL,STEP/NOK,SPNS73+O-RING/05ZF",SB43,"NOK SPNS73+O-RING, 05ZF, -",EA,8431.49-9000
2811047ES,"SEAL,STEP/NOK,SPNS73+O-RING/05ZF",SB43,"NOK SPNS73+O-RING, 05ZF, -",EA,8431.49-9000
2811048,"SEAL,STEP/NOK,SPNS83.5+O-RING/05ZF",SB45,"NOK SPNS68+O-RING, 05ZF, -",EA,8431.49-9000
2811048ES,"SEAL,STEP/NOK,SPNS83.5+O-RING/05ZF",SB45,"NOK SPNS68+O-RING, 05ZF, -",EA,8431.49-9000
2811049,"SEAL,STEP/NOK,SPNS123.5+O-RING/05ZF",SB60,"NOK,SPNS123.5+O-RING, 05ZF, -",EA,8431.49-9000
2811049ES,"SEAL,STEP/NOK,SPNS123.5+O-RING/05ZF",SB60,"NOK,SPNS123.5+O-RING, 05ZF, -",EA,8431.49-9000
2811050,"PACKING,U/SB40P/NOK ISI 80X90X6",SB40P,"NOK ISI 80X90X6, 05ZF, -",EA,8431.49-9000
2811051,"SEAL,STEP/SB40P/NOK SPNS78.5+O-RING",SB40P,"NOK SPNS78.5+O-RING, 05ZF, -",EA,8431.49-9000
2811055,"PACKING,U/NOK,ISI/40X50X6",SB10,"NOK ISI 40*50*6, U801, -",EA,8431.49-9000
2811060,"PACKING,ROD/NOK,ISI 60X70X6",SB35,"NOK ISI 60*70*6, U801, -",EA,
2811060ES,"PACKING,ROD/NOK,ISI 60X70X6",SB35,"NOK ISI 60*70*6, U801, -",EA,8431.49-9000
2811064,"PACKING,U/SB45/NOK,ISI/85X100X9/URETHANE",SB45,"NOK ISI 85*100*9, U801, -",EA,8431.49-9000
2811064ES,"PACKING,U/SB45/NOK,ISI/85X100X9/URETHANE",SB45,"NOK ISI 85x100x9, U593, -",EA,8431.49-9000
2811066,"SEAL,STEP/NOK,SPNS133+O-RING/05ZF",SB70,"NOK,SPNS133+O-RING, 05ZF, -",EA,8431.49-9000
2811066ES,"SEAL,STEP/NOK,SPNS133+O-RING/05ZF",SB70,"NOK,SPNS133+O-RING, 05ZF, -",EA,8431.49-9000
2811067,"PACKING,U/SB50/NOK,ISI/98X112X8.5",SB50,"9X112X112, BKU930, -",EA,8431.49-9000
2811067ES,"PACKING,U/SB50/NOK,ISI/98X112X8.5",SB50,"9X112X112, BKU930, -",EA,8431.49-9000
2811069,"PACKING,U/NOK,ISI/100X115X9",SB50,"NOK,ISI/100X115X9",EA,8431.49-9000
2811071,"PACKING,U/SB81/NOK,ISI/140X155.5X9",SB81,"NOK,ISI/140x155.5x9, Urethane, -",EA,8431.49-9000
2811072,"PACKING,U/NOK,ISI/160X175X9",SB125,"NOK,ISI/160X175X9",EA,8431.49-9000
2811073,"PACKING,U/NOK,ISI/170X185X9/FU1443K0",SB130,"NOK,ISI/170X185X9/FU1443K0",EA,8431.49-9000
2811076,"SEAL,STEP/NOK,SPNS138+O-RING/05ZF",SB81,"NOK, SPNS138+O-RING, -, -",EA,8431.49-9000
2811076ES,"SEAL,STEP/NOK,SPNS138+O-RING/05ZF",SB81,"NOK, SPNS138+O-RING, 05ZF, -",EA,8431.49-9000
2811077,"SEAL,STEP/NOK,SPNS147+O-RING/05ZF",SB100,"NOK,SPNS147+O-RING, 05ZF, -",EA,8431.49-9000
2811078,"SEAL,STEP/NOK,SPNS157+O-RING/05ZF",SB125,"NOK,SPNS157+O-RING, 05ZF, -",EA,8431.49-9000
2811079,"SEAL,STEP/NOK,SPNY172/사각링/G928/05ZF",SB140,"NOK SPNS 172, 05ZF, -",EA,8431.49-9000
2811080,"SEAL,STEP/NOK,SPNY177/사각링/G928/05ZF",SB151,"NOK SPNY177+사각링(G928), 05ZF, -",EA,8431.49-9000
2811095,"PACKING,U/SU+105/NOK,IUIS/D150XD165X9",SB공통,"NOK,IUIS/D150XD165X9",EA,8431.49-9000
2811096,"PACKING,U/SU+85/NOK,IUIS/D140XD155X9",SB공통,"NOK,IUIS/D140XD155X9",EA,8431.49-9000
2811098,"PACKING,U/SU+125/NOK,IUIS/160X175X9/U641",SB공통,"NOK,IUIS/160X175X9",EA,8431.49-9000
2811099,"PACKING,U/SU+145/NOK,IUIS/175X190X9/UH05",SB공통,"NOK,IUIS/175X190X9",EA,8431.49-9000
2811100,"PACKING,U/SU+155,165/NOK,IUIS/180X200X12",SB공통,"NOK,IUIS/180X200X12",EA,8431.49-9000
2811103,"PACKING,U/SU+85/NOK,IUIY/140X155X12/UH08",SB공통,"NOK,IUIY/140X155X12",EA,8431.49-9000
2811123,"SEAL,STEP/SB160/182X197.5X5.9/NOK",SB공통,182X197.5X5.9/NOK,EA,
2811124,"SEAL,STEP/SB147P/SPNS 176X191.5X5.9/05ZF",SB147P,SPNS 176X191.5X5.9,EA,8431.49-9000
2811125,"SEAL,STEP/205X220.5X5.9 SPNS/05ZF+A305",SB200,"SPNS 205x220.5x5.9, 05ZF, -",EA,8431.49-9000
2811128,"SEAL,STEP/SB170/SPNY-185/05ZF",SB170,SPNY-185,EA,8431.49-9000
2811141,"PACKING,U/210X224.5X9 IUIY/UH08",SB200,210X224.5X9 IUIY,EA,
2811142,"PACKING,U/210X230X12 IUI/UH08",SB200,210X230X12 IUI,EA,
2811143,"SEAL,STEP/SB175/STD 187X207.5X7.8",SB175,187X207.5X7.8,EA,8431.49-9000
2811144,"SEAL,STEP/SB175/SPNS 187X200X9.7/NOK",SB175,SPNS 187X200X9.7/NOK,EA,8431.49-9000
2811145,"SEAL,STEP/SB195H/190X201.5X7.8/05ZF+A305",SB195H,"SPNY,190X210.5X7.8, 05ZF, -",EA,8431.49-9000
2811146,"SEAL,STEP/SB3000II/05ZF",SB3000,05ZF,EA,8431.49-9000
2811148,"SEAL,STEP/NOK SPNS 207X227.6X7.7",SB210H,NOK SPNS 207X227.6X7.7,EA,8431.49-9000
2811150,"SEAL,STEP/NOK SPNS 209X229.6X7.7/05ZF",SB210H,NOK SPNS 209X229.6X7.7,EA,8431.49-9000
2819023,"SEAL,STEP/FIETZ,STS68/PTFE",SB40,"FIETZ,STS68",EA,8431.49-9000
2819024,"SEAL,STEP/FIETZ,STS83.5/PTFE",SB45,"FIETZ,STS83.5",EA,8431.49-9000
2819025,"SEAL,STEP/FIETZ,STS123.5/PTFE",SB60,"FIETZ,STS123.5",EA,8431.49-9000
2819027,"SEAL,STEP/FIETZ,STS157/PTFE",SB125,"FIETZ,STS157",EA,8431.49-9000
2819028,"SEAL,STEP/FIETZ,STS167/PTFE",SB130,"FIETZ,STS167",EA,8431.49-9000
2819033,"SEAL,BUFFER/FIETZ,KSB50/PTFE",SB30,"FIETZ,KSB50",EA,8431.49-9000
2819035,"SEAL,BUFFER/FIETZ,KSB157/PTFE",SB125,"FIETZ,KSB157",EA,8431.49-9000
2819036,"SEAL,BUFFER/FIETZ,KSB167/PTFE",SB130,"FIETZ,KSB167",EA,8431.49-9000
2819038,"SEAL,BUFFER/FIETZ,KSB37/324",SB10,"FIETZ,KSB37",EA,8431.49-9000
2819039,"SEAL,STEP/FIETZ,STS37/324",SB10,"FIETZ,STS37",EA,8431.49-9000
2819040,"SEAL,BUFFER/FIETZ,KSB40X46X3/324",SB10,"FIETZ,KSB40X46X3",EA,8431.49-9000
2819041,"SEAL,BUFFER/FIETZ,KSB147X5.5X5.1/324",SB100,"FIETZ,KSB147X5.5X5.1",EA,8431.49-9000
2819042,"SEAL,STEP/FIETZ,STS147/324",SB100,"FIETZ,STS147",EA,8431.49-9000
2819044,"PACKING,U/YBS,SUPI/50X60X6/URETHANE",SB30,"YBS,SUPI/50X60X6",EA,8431.49-9000
2819046,"SEAL,BUFFER/FIETZ,SBD53X3.4X3.2/324",SB30,"FIETZ,SBD53X3.4X3.2",EA,8431.49-9000
2819047,"SEAL,BUFFER/FIETZ,STS-BO-125/324",SB60,"FIETZ,STS-BO-125",EA,8431.49-9000
2819048,"SEAL,BUFFER/FIETZ,SBD70X3.4X3.2/324",SB40,"FIETZ,SBD70X3.4X3.2",EA,8431.49-9000
2819049,"SEAL,STEP/FIETZ,STS-57/324F",SB35,"FIETZ,STS-57",EA,8431.49-9000
2819050,"SEAL,STEP/FIETZ,STS73/324F",SB43,"FIETZ,STS73",EA,8431.49-9000
2819051,"SEAL,BUFFER/SB81/NOK,SRTN-138/08GF",SB81,"SRTN-138, 08GF, -",EA,8431.49-9000
2819051ES,"SEAL,BUFFER/SB81/NOK,SRTN-138/08GF",SB81,"SRTN-138, 08GF, -",EA,8431.49-9000
2819052,"SEAL,BUFFER/SB100/NOK,SRTN-147/08GF",SB100,"SRTN-147, 08GF, -",EA,8431.49-9000
2819053,"SEAL,BUFFER/SB125/NOK,SRTN-157/08GF",SB125,"SRTN-157, 08GF, -",EA,8431.49-9000
2819054,"SEAL,BUFFER/SB130/NOK,SRTN-167/08GF",SB130,"SRTN-167, 08GF, -",EA,8431.49-9000
2819055,"SEAL,BUFFER/SB150/NOK,SRTN-177/08GF",SB151,"SRTN-177, 08GF, -",EA,8431.49-9000
2819056,"SEAL,BUFFER/SB40/NOK,SRTN-70/08GF",SB40,"NOK SRTN-70, 08GF, -",EA,8431.49-9000
2819056ES,"SEAL,BUFFER/SB40/NOK,SRTN-70/08GF",SB40,", URETHANE, -",EA,8431.49-9000
2819057,"SEAL,BUFFER/SB60/NOK, SPNS-125/19YF",SB60,"NOK, SPNS-125",EA,8431.49-9000
2819058,"SEAL,BUFFER/SB30/NOK,SRTN-53/08GF",SB30,"NOK SRTN-53, 08GF, -",EA,8431.49-9000
2819058ES,"SEAL,BUFFER/SB30/NOK,SRTN-53/08GF",SB30,"NOK SRTN-53, 08GF, -",EA,8431.49-9000
2819059,"BUFFER RING/SB30/NOK,SRTN-50/08GF",SB30,"NOK SRTN-50, 08GF, -",EA,8431.49-9000
2819059ES,"SEAL,BUFFER/SB30/NOK,SRTN-50/08GF",SB30,"NOK SRTN-50, 08GF, -",EA,8431.49-9000
2819062,"SEAL,BUFFER/SB10/NOK,SRTN-40/08GF",SB10,"NOK SRTN-40, 08GF, -",EA,8431.49-9000
2819063,"BUFFER SEAL/SB10/NOK,SRTN-37/08GF",SB10,"NOK SRTN-37, 08GF, -",EA,8431.49-9000
2819107,"PACKING,U/SB147P/IUIY 180X194.5X9/UH08",SB147P,"NOK IUIY 180x194.5x9, UH08, -",EA,8431.49-9000
2819108,"PACKING,U/SB147P/IUIY 175X189.5X9/UH08",SB147P,IUIY 175X189.5X9,EA,8431.49-9000
2819109,"PACKING,U/SB157/IUIY 185X199.5X9/UH08",SB157,IUIY 185X199.5X9,EA,8431.49-9000
2819110,"PACKING,U/SQ181/IUIY 200X214.5X9/UH08",SQ181,IUIY 200X214.5X9,EA,8431.49-9000
2819111,"PACKING,U/SB147P/IUIS 180X200X12/UH08",SB147P,"NOK IUIS 180x200x12, UH08, -",EA,8431.49-9000
2819112,"PACKING,U/SB141P/IUIS 175X190X9/NOK/UH08",SB147P,IUIS 175X190X9/NOK,EA,8431.49-9000
2819113,"PACKING,U/SB153/IUIS 185X205X12/NOK/UH08",SB157,IUIS 185X205X12/NOK,EA,8431.49-9000
2819114,"PACKING,U/SQ181/IUIS 200X220X12/NOK/UH08",SQ181,IUIS 200X220X12/NOK,EA,8431.49-9000
2819115,"PACKING,U/SB170/IUIY 190X204.5X9/UH08",SB170,IUIY 190X204.5X9,EA,8431.49-9000
2819116,"PACKING,U/SB170/IUIS 190X210X12/UH08",SB170,IUIS 190X210X12,EA,8431.49-9000
2819117,"PACKING,U/SB147P/IUI 180X200X12/UH911",SB170,NOK IUI 180X200X12,EA,8431.49-9000
2819118,"PACKING,U/SB147P/IUIY180X194.5X9.5/UH911",SB170,NOK IUIY 180X194.5X9.5,EA,8431.49-9000
2819119,"SEAL,GAS/SQ181/IKH 195X207.5X10",SQ181,"IKH 195x207.5x10, NBR, -",EA,8431.49-9000
2819120,"SEAL,STEP/SQ181/SPNS 195X210.5X5.9",SQ181,"SPNS195x210.5x5.9, -, -",EA,8431.49-9000
2819121,"PACKING,U/IUIY 185X199.5X9/UH911",SB170,IUIY 185X199.5X9,EA,8431.49-9000
2819122,"PACKING,U/IUIS 185X205X12/UH911",SB170,IUIS 185X205X12,EA,8431.49-9000
2819123,"PACKING,U/SB170/IUIY 190X204.5X9/UH911",SB170,IUIY 190X204.5X9,EA,8431.49-9000
2819124,"PACKING,U/SB170/IUIS 190X210X12/UH911",SB170,IUIS 190X210X12,EA,8431.49-9000
2819125,"PACKING,U/SB147P/부광 RUS/180X200X12/BS",SB147P,180X200X12,EA,8431.49-9000
2819126,"PACKING,U/SB147P/부광 RUY/180X194.5X9.5",SB147P,180X194.5X9.5,EA,8431.49-9000
2819127,"PACKING,U/SB175/RUS 190X215X16",SB175,190X215X16,EA,8431.49-9000
2819128,"PACKING,U/SB175/RUY 190X204.5X9",SB175,190X204.5X9,EA,8431.49-9000
2819129,U-PACKING/SB161/RUS/185X205X12/BKU950,SB161,"RUS 185x205x12, BKU950, -",EA,8431.49-9000
2819130,U-PACKING/SB161/RUY/185X199.5X9/BKU950,SB161,"RUY 185x199.5x9, BKU950, -",EA,8431.49-9000
2819133,"PACKING,U/RUS 215X235X12",SB210H,RUS 215X235X12,EA,8431.49-9000
2819134,"SEAL,BUFFER/YRUS 215X235X9",SB210H,YRUS 215X235X9,EA,8431.49-9000
2819137,"PACKING,U/IUI/185X205X12X11/UH970",SB3000II,185X205X12,EA,8431.49-9000
2821011,"PACKING,U/NOK,IUH/53X63X6/누유방지/G928",SB30,"NOK,IUH/53X63X6",EA,8431.49-9000
2821012,"PACKING,U/NOK,IUH/40X50X6/누유방지/A505",SB10,"NOK,IUH/40X50X6",EA,8431.49-9000
2821014,"PACKING,U/NOK,IUH/60X70X6/누유방지/A505",SB35,"NOK,IUH/60X70X6",EA,8431.49-9000
2821015,"PACKING,U/NOK,IUH/70X80X6/누유방지/G928",SB40,"NOK,IUH/70X80X6",EA,8431.49-9000
2821016,"PACKING,U/NOK,IUH/75X85X6/누유방지/A505",SB43,"NOK,IUH/75X85X6",EA,8431.49-9000
2821017,"PACKING,U/NOK,IUH/85X100X9/NBR/A505",SB45,"NOK,IUH/85X100X9",EA,8431.49-9000
2821018,"PACKING,U/NOK,IUH/100X115X9/NBR",SB50,"NOK,IUH/100x115x9, NBR, -",EA,8431.49-9000
2821018ES,"PACKING,U/NOK,IUH/100X115X9/NBR",SB50,"NOK,IUH/100x115x9, NBR, -",EA,8431.49-9000
2831011,"SEAL,DUST/NOK,DSI170X183X7X9.5/URETHANE",SB130,"NOK,DSI170X183X7X9.5",EA,8431.49-9000
2831013,"SEAL,DUST/SB30/NOK,DSI-53X61X5X6.5",SB30,"NOK DSI 53*61*5*6.5, U801, -",EA,8431.49-9000
2831013ES,"SEAL,DUST/SB30/NOK,DSI-53X61X5X6.5",SB30,"NOK DSI 53*61*5*6.5, U801, -",EA,8431.49-9000
2831016,"SEAL,DUST/SB100/NOK,DSI150X163X7X9.5",SB100,"NOK,DSI150X163X7X9.5",EA,8431.49-9000
2831017,"SEAL,DUST/NOK,DSI75X85X6X8/U801",SB43,"NOK DSI 75*85*6*8, U801, -",EA,8431.49-9000
2831017ES,"SEAL,DUST/NOK,DSI75X85X6X8/U801",SB43,"NOK DSI 75*85*6*8, U801, -",EA,8431.49-9000
2831018,"SEAL,DUST/SB70/NOK,LBI-135X148X7X9/U641",SB70,"NOK,LBI-135X148X7X9",EA,8431.49-9000
2831022,"SEAL,DUST/SB40/NOK,LBI-70X80X6X8/U641",SB40,"NOK LBI 70*80*6*8, U641, -",EA,8431.49-9000
2831022ES,"SEAL,DUST/SB40/NOK,LBI-70X80X6X8/U641",SB40,", URETHANE, -",EA,8431.49-9000
2831023,"SEAL,DUST/SB50/NOK,LBI-100X110X6X8/U641",SB50,"NOK LBI 100*110*6*8, U641, -",EA,8431.49-9000
2831025,"SEAL,DUST/NOK,LBI-180X193X7X9/U641",SB151,"NOK,LBI-180X193X7X9",EA,8431.49-9000
2831031,"SEAL,DUST/SB30/NOK,LBY 53X61X5X6.5/A505",SB30,"NOK,LBY 53X61X5X6.5",EA,8431.49-9000
2831032,"SEAL,DUST/NOK,LBY170X183X7X9.5/A505",SB130,"NOK,LBY170X183X7X9.5",EA,8431.49-9000
2831034,"SEAL,DUST/NOK,LBY70X80X6X8/NBR/A505",SB40,"NOK,LBY70X80X6X8",EA,8431.49-9000
2831046,"SEAL,DUST/SB40P/NOK DSI 80X90X6X8",SB40P,"NOK DSI 80*90*6*8, U801, -",EA,8431.49-9000
2831057,"SEAL,DUST/NOK,DSI 40X48X5X6.5",SB10,"NOK DSI 40*48*5*6.5, U801, -",EA,8431.49-9000
2831063,"SEAL,DUST/NOK,DSI 60X68X5X6.5/FQ0045D0",SB35,"NOK DSI 60*68*5*6.5, U801, -",EA,8431.49-9000
2831063ES,"SEAL,DUST/NOK,DSI 60X68X5X6.5/FQ0045D0",SB35,"NOK DSI 60*68*5*6.5, U801, -",EA,8431.49-9000
2831064,"SEAL,DUST/NOK,DSI 70X80X6X8",SB40,"NOK,DSI 70X80X6X8",EA,8431.49-9000
2831068,"SEAL,DUST/NOK,DSI 85X95X6X8",SB45,"NOK DSI 85*95*6*8, U801, -",EA,8431.49-9000
2831068ES,"SEAL,DUST/NOK,DSI 85X95X6X8",SB45,"NOK DSI 85x95x6x8, U593, -",EA,8431.49-9000
2831071,"SEAL,DUST/NOK,DSI 100X110X6X8",SB50,"NOK,DSI 100X110X6X8",EA,8431.49-9000
2831073,"SEAL,DUST/NOK,DSI 125X138X7X9.5",SB60,"NOK,DSI125x138x7x9.5, Urethane, -",EA,8431.49-9000
2831073ES,"SEAL,DUST/NOK,DSI 125X138X7X9.5",SB60,"NOK,DSI125x138x7x9.5, URETHANE, -",EA,8431.49-9000
2831074,"SEAL,DUST/NOK,DSI 160X173X7X9.5/U801",SB125,"NOK,DSI 160X173X7X9.5",EA,8431.49-9000
2831075,"SEAL,DUST/NOK,DSI/180X193X7X9.5",SB151,"NOK,DSI/180X193X7X9.5",EA,8431.49-9000
2831081,"SEAL,DUST/210X223X7X9.5 DSI/U801",SB200,210X223X7X9.5 D냐,EA,8431.49-9000
2831101,"SEAL,DUST/NOK,LBI 70X80X6X8",SB40,"NOK,LBI 70X80X6X8",EA,8431.49-9000
2831905,"SEAL,DUST/SAKAGAMI,SDR-53X61X6.5",SB30,"SAKAGAMI,SDR-53X61X6.5",EA,8431.49-9000
2831906,"SEAL,DUST/SAKAGAMI,SDR-175X188X7X9.5",SB140,"SAKAGAMI,SDR-175X188X7X9.5",EA,8431.49-9000
2831907,"SEAL,DUST/SKGM,SDR40X48X5X6.5/NBR",SB10,"SKGM,SDR40X48X5X6.5",EA,8431.49-9000
2831909,"SEAL,DUST/SKGM,SDR60X68X5X6.5/NBR",SB35,"SKGM,SDR60X68X5X6.5",EA,8431.49-9000
2831910,"SEAL,DUST/SKGM,SDR75X85X6X8/NBR",SB43,"SKGM,SDR75X85X6X8",EA,8431.49-9000
2831911,"SEAL,DUST/SKGM,SDR85X95X6X8/NBR",SB45,"SKGM,SDR85X95X6X8",EA,8431.49-9000
2831912,"SEAL,DUST/SKGM,SDR100X110X6X8/NBR",SB50,"SKGM,SDR100x110x6x8, NBR, -",EA,8431.49-9000
2831912ES,"SEAL,DUST/SKGM,SDR100X110X6X8/NBR",SB50,"SKGM,SDR100x110x6x8, NBR, -",EA,8431.49-9000
2831913,"SEAL,DUST/SKGM,SDR170X183X9.5X7/RN906",SB135,"SKGM,SDR170X183X9.5X7",EA,8431.49-9000
2831931,"SEAL,DUST/SB147P/DSI 180X193.7X9.5/U801",SB147P,"NOK DSI 180*193*7*9.5, U801, -",EA,8431.49-9000
2831932,"SEAL,DUST/SB147P/DSI 175X188X7X9.5/U801",SB147P,DSI 175X188X7X9.5/U801,EA,8431.49-9000
2831933,"SEAL,DUST/SB157/DSI 185X198X7X9.5/U801",SB157,DSI 185X198X7X9.5/U801,EA,8431.49-9000
2831934,"SEAL,DUST/SQ181/DSI 200X213X7X9.5/U801",SQ181,DSI 200X213X7X9.5/U801,EA,8431.49-9000
2831935,"SEAL,DUST/SB170/DSI 190X203X7X9.5/U801",SB170,DSI 190X203X7X9.5,EA,8431.49-9000
2831936,"SEAL,DUST/SB147P/부광 DUS/180X193.7X9.5",SB147P,180X193.7X9.5,EA,8431.49-9000
2831937,"SEAL,DUST/SB175/DUS 190X203X7/9.5",SB175,190X203X7/9.5,EA,8431.49-9000
2831938,"SEAL,DUST/SB161/DUS/185X198X7X9.5/BKU950",SB161,"DUS 185x198x7x9.5, BKU950, -",EA,8431.49-9000
2831939,"SEAL,DUST/DU5 215X232X9X12",SB210H,DU5 215X232X9X12,EA,8431.49-9000
2831941,"SEAL,DUST/D5,185X198X7.3X10.5/107-93A",SB3000II,185X198X7.3X10.5,EA,8431.49-9000
2833001,"SEAL,BUFFER/SB45/NOK,HBY85Z 100.5X6",SB45,"NOK HBY 85*100.5*6, U801, -",EA,8431.49-9000
2833001ES,"SEAL,BUFFER/SB45/NOK,HBY85Z 100.5X6",SB45,"NOK HBY 85*100.5*6, U801, -",EA,8431.49-9000
2833002,"SEAL,BUFFER/NOK,HBY 100X115.5X6",SB50,"NOK,HBY 100X115.5X6",EA,8431.49-9000
2833003,"SEAL,BUFFER/SB81/NOK,HBY 140X155.5X5.8",SB81,"HBY140x155_5xT5_8, Urethane, -",EA,8431.49-9000
2833003ES,"SEAL,BUFFER/SB81/NOK,HBY 140X155.5X5.8",SB81,"HBY140x155_5xT5_8, URETHANE, -",EA,8431.49-9000
2833004,"SEAL,BUFFER/NOK,HBY 160X175.5X6",SB125,"HBY160x175_5xT6, Urethane, -",EA,8431.49-9000
2833010,"SEAL,BUFFER/SB100/NOK,HBY150X165.5X6",SB100,"HBY150x165.5x6, Urethane, -",EA,8431.49-9000
2833011,"SEAL,BUFFER/SB35/NOK,HBY-60X75.5X6/U801",SB35,"NOK HBY 60*75.5*6, U801, -",EA,8431.49-9000
2833011ES,"SEAL,BUFFER/SB35/NOK,HBY-60X75.5X6/U801",SB35,"NOK HBY 60*75.5*6, U801, -",EA,8431.49-9000
2833012,"SEAL,BUFFER/NOK,HBY75X90.5X6/U801",SB43,"NOK HBY 75*90.5*6, U801, -",EA,8431.49-9000
2833012ES,"SEAL,BUFFER/NOK,HBY75X90.5X6/U801",SB43,"NOK HBY 75*90.5*6, U801, -",EA,8431.49-9000
2833013,"SEAL,BUFFER/SB70,81N/NOK,HBY-135X150.5X6",SB70,"HBY135x150.5x6, Urethane, -",EA,8431.49-9000
2833013ES,"SEAL,BUFFER/SB70,81N/NOK,HBY-135X150.5X6",SB70,"HBY135x150.5x6, URETHANE, -",EA,8431.49-9000
2833015,"SEAL,BUFFER/SB50/NOK,HBY-100X115.5X6",SB50,"NOK HBY 100*115.5*6, U641, -",EA,8431.49-9000
2833015ES,"SEAL,BUFFER/SB50/NOK,HBY-100X115.5X6",SB50,"NOK HBY 100*115.5*6, U641, -",EA,8431.49-9000
2833017,"SEAL,BUFFER/NOK,HBY-180X195.5X6/U641",SB151,"HBY180x195.5x6, U641, -",EA,8431.49-9000
2833019,"SEAL,BUFFER/SB60/NOK,HBY 125X140.5X6",SB60,"HBY125x140_5xT6, UH05, -",EA,8431.49-9000
2833019ES,"SEAL,BUFFER/SB60/NOK,HBY 125X140.5X6",SB60,"HBY125x140_5xT6, UH05, -",EA,8431.49-9000
2833020,"SEAL,BUFFER/NOK,HBY170X185.5X6/UH05",SB130,"NOK, HBY170*185.5*6, UH05, -",EA,8431.49-9000
2833021,"SEAL,BUFFER/NOK,HBY175X190.5X6/UH05",SB140,"HBY175x190.5x6, UH05, -",EA,8431.49-9000
2833025,"SEAL,BUFFER/HBY165X180.5X6.1/UH05",SB135,HBY165X180.5X6.1,EA,8431.49-9000
2833026,"SEAL,BUFFER/HBY172X187.5X6.1/UH05",SB140,HBY172X187.5X6.1,EA,8431.49-9000
2833027,"SEAL,BUFFER/HBY177X192.5X6.1/UH05",SB151,HBY177X192.5X6.1,EA,8431.49-9000
2833028,BUFFER RING/SB40P/NOK HBY 80X96X6,SB40P,"NOK HBY 80*96*6, U801, -",EA,8431.49-9000
2833029,"SEAL,BUFFER/IUIY/185X199.5X9.5/UH970",SB3000II,185X199.5X9.5,EA,8431.49-9000
2833308,"SEAL,BUFFER/NOK,HBY170X185.5X6/PTFE",SB130,"NOK,HBY170X185.5X6",EA,8431.49-9000
2835019,"SEAL GAS/YC,157/VITON",SB125,"YC,157/VITON",EA,8431.49-9000
2835020,"SEAL GAS/YBS,98/VITON",SB50,"YBS,98/VITON",EA,8431.49-9000
2835022,"SEAL GAS/YGS,68/VITON",SB40,"YGS,68/VITON",EA,8431.49-9000
2835023,"SEAL GAS/YGS,83.5/VITON",SB45,"YGS,83.5/VITON",EA,8431.49-9000
2835024,"SEAL GAS/YGS,123.5/VITON",SB60,"YGS,123.5/VITON",EA,8431.49-9000
2835026,"SEAL GAS/YGS,167/VITON",SB130,"YGS,167/VITON",EA,8431.49-9000
2835029,"SEAL GAS/YBS,SS37/VITON",SB10,"YBS,SS37/VITON",EA,8431.49-9000
2835030,"SEAL GAS/YBS,SS147/VITON",SB100,"YBS,SS147/VITON",EA,8431.49-9000
2835031,"SEAL GAS/YBS,SS50/VITON",SB30,"YBS,SS50/VITON",EA,8431.49-9000
2835032,"SEAL GAS/YBS,SS57/VITON",SB35,"YBS,SS57/VITON",EA,8431.49-9000
2835033,"SEAL GAS/YBS,SS-73/VITON",SB43,"YBS,SS-73/VITON",EA,8431.49-9000
2835034,"SEAL GAS/SB70/NOK,PPY-133/VITON",SB70,"NOK,PPY-133, VITON, -",EA,8431.49-9000
2835034ES,"SEAL GAS/SB70/NOK,PPY-133/VITON",SB70,"NOK,PPY-133, VITON, -",EA,8431.49-9000
2835035,"SEAL GAS/SB10/NOK,PPY-37",SB10,"NOK PPY-37, F357, -",EA,8431.49-9000
2835036,"SEAL GAS/SB20/NOK,PPY-42/F357",SB20,"NOK PPY-42, F357, -",EA,8431.49-9000
2835036ES,"SEAL GAS/SB20/NOK,PPY-42/F357",SB20,"NOK PPY-42, F357, -",EA,8431.49-9000
2835037,"SEAL GAS/SB30/NOK,PPY-50/F357",SB30,"NOK PPY-50, F357, -",EA,8431.49-9000
2835037ES,"SEAL GAS/SB30/NOK,PPY-50/F357",SB30,"NOK PPY-50, F357, -",EA,8431.49-9000
2835038,"SEAL GAS/SB35/NOK,PPY-57/F357",SB35,"NOK PPY-57, F357, -",EA,8431.49-9000
2835038ES,"SEAL GAS/SB35/NOK,PPY-57/F357",SB35,"NOK PPY-57, F357, -",EA,8431.49-9000
2835039,"SEAL GAS/SB40/NOK,PPY-68/F357",SB40,"NOK PPY-68, F357, -",EA,8431.49-9000
2835039ES,"SEAL GAS/SB40/NOK,PPY-68/F357",SB40,", URETHANE, -",EA,8431.49-9000
2835040,"SEAL GAS/SB43/NOK,PPY-73/F357",SB43,"NOK PPY-73, F357, -",EA,8431.49-9000
2835040ES,"SEAL GAS/SB43/NOK,PPY-73/F357",SB43,"NOK PPY-73, F357, -",EA,8431.49-9000
2835041,"SEAL GAS/SB45/NOK,PPY-83.5/F357",SB45,"NOK PPY-83.5, F357, -",EA,8431.49-9000
2835041ES,"SEAL GAS/SB45/NOK,PPY-83.5/F357",SB45,"NOK PPY-83.5, F357, -",EA,8431.49-9000
2835042,"SEAL GAS/SB50/NOK,PPY-98/F357",SB50,"NOK, PPY-98, F357, -",EA,8431.49-9000
2835042ES,"SEAL GAS/SB50/NOK,PPY-98/F357",SB50,"NOK, PPY-98, F357, -",EA,8431.49-9000
2835043,"SEAL GAS/SB60/NOK,PPY-123.5/F357",SB60,"NOK,PPY-123.5, F357, -",EA,8431.49-9000
2835043ES,"SEAL GAS/SB60/NOK,PPY-123.5/F357",SB60,"NOK,PPY-123.5, F357, -",EA,8431.49-9000
2835044,"SEAL GAS/SB81/NOK,PPY-138/F357",SB81,"NOK,PPY-138, F357, -",EA,8431.49-9000
2835044ES,"SEAL GAS/SB81/NOK,PPY-138/F357",SB81,"NOK,PPY-138, F357, -",EA,8431.49-9000
2835045,"SEAL GAS/SB100/NOK,PPY-147/F357",SB100,"NOK,PPY-147, F357, -",EA,8431.49-9000
2835046,"SEAL GAS/SB125/NOK,PPY-157/F357",SB125,"NOK,PPY-157, F357, -",EA,8431.49-9000
2835047,"SEAL GAS/SB130/NOK,PPY-167/F357",SB130,"NOK,PPY-167, F357, -",EA,8431.49-9000
2835048,"SEAL GAS/SB151/NOK,PPY-177/F357",SB151,"NOK, PPY-177, F357, -",EA,8431.49-9000
2835050,"SEAL GAS/SB140/NOK,PPY-172/VITON",SB140,"NOK, PPY-172, VITON, -",EA,8431.49-9000
2835051,"SEAL GAS/NOK,PPY165X177.8X10/F357",SB130,"NOK,PPY165X177.8X10/F357",EA,8431.49-9000
2835058,SEAL GAS/205X217.8X10 IKH/F357,SB200,"IKH, 205x217.8x10, F357, -",EA,8431.49-9000
2835059,"SEAL,GAS/SB40P/AUTOX-78.5",SB40P,"AUTOX-78.5, F357, -",EA,8431.49-9000
2835062,SEAL GAS/SB170/PPY-185/F357,SB170,PPY-185,EA,8431.49-9000
2835063,SEAL GAS/SB147P/IKH 176X188.5X10/F357,SB147P,IKH 176X188.5X10/F357,EA,8431.49-9000
2835064,SEAL GAS/SB175/GFQ 187X200X9.7,SB175,187X200X9.7,EA,8431.49-9000
2835065,SEAL GAS/SB175/IKH 187X207.5X7.8/NOK,SB175,IKH 187X207.5X7.8/NOK,EA,8431.49-9000
2835066,GAS SEAL/SB195H/190X202.5X10/F357,SB195H,"IKH,190X202.5X10, F357, -",EA,8431.49-9000
2835067,GAS SEAL/SB3000II/F357,SB3000,F357,EA,8431.49-9000
2835069,"SEAL,GAS/NOK IKH 207X219.8X10",SB210H,NOK IKH 207X219.8X10,EA,8431.49-9000
2835070,"SEAL,GAS/NOK IKH 209X221.8X10/F357",SB210H,NOK IKH 209X221.8X10,EA,8431.49-9000
2841216,"RING,BACK UP/P15 CUT/PTFE",SB151,"P15, PTFE, -",EA,8431.49-9000
2841313,"RING,BACK UP/P65 T3/ENDLESS/몰리브덴",SQ140,"P65 ENDLESS, PTFE, -",EA,8431.49-9000
2843064,"RING,BACK UP/250X260X1.9 BIASCUT/PA",SB200,"250*260*T1.9 / BIASCUT, PA, -",EA,
2843147,"RING,BACK UP/SB3000-II/G210,ENDLESS",SB3000II,"G210,ENDLESS, PA, -",EA,
2844910,"RING,BACK UP/90X94X4.6 ENDLESS/PTFE/P80",SB200,"90*94*4.6 / ENDLESS/P80 플랜지용, PA, -",EA,8431.49-9000
2851065,O-RING/P85-1B/NBR,SB200,P85-1B,EA,
2851243,O-RING/G250-1B/NBR,SB200,"G250 (1종B), NBR, -",EA,8431.49-9000
2851244,O-RING/G215-1B/NBR,SB4000,"G215 (1종B), NBR, -",EA,8431.49-9000
2889061,SEAL KIT/SB151/FIETZ,SB151,FIETZ,EA,8431.49-9000
2889062,SEAL KIT/SB151/NOK,SB151,NOK,EA,8431.49-9000
2889063,SEAL KIT/SB151/FIETZ,SB151,FIETZ,EA,8431.49-9000
2890035,STATIC SEAL/32X40X3/PTFE,SQ140,32X40X3,EA,
3010020-3925856,FUEL FEED PUMP,SD-700,,EA,8431.49-9000
3073908001,GAS KET,SD-700,,EA,
310000-2002001,"MOTOR,ROTATOR/SD1000",SD-700,,EA,
3110000-2002001,HYDRAULIC MOTOR/H-200AD2-J,SD-700,H-200AD2-J,EA,8431.49-9000
3110000-2011282,HYDRAULIC MOTOR/PLM20.11.2RO-82E2-LGD,SD-700,PLM20.11.2RO-82E2-LGD,EA,
3110000-2063822,"HYDRAULIC MOTOR/PLM20.6,3R082E2LGD/GDN",SD-700,"PLM20.6,3R082E2LGD/GDN",EA,
3110000-2501C00,HYD. MOTOR( JD-2000 ),SD-25,", -, -",EA,
3110010-2011282,COUPLING/PLM20.11.2RO,SD-700,PLM20.11.2RO,EA,8431.49-9000
3230000-0001069,TRAVELING MOTOR/TM10VC-A-69-FW,SD-700,TM10VC-A-69-FW,EA,
3230005-3035271,R/G MOTOR/CS04-RB-35-27-1,SD-700,CS04-RB-35-27-1,EA,
3300010-0000020,AIR SOL. VALVE/CA20DD,SD-700,"CA20DD(GOYEN), -, -",EA,
3300040-0000800,CHECK VALVE/CHV-8-J,SD-700,CHV-8-J,EA,
3300040-000400C,"LINE CHECK V/V( C400S , 1/4 )",SD-25,"( C400S , 1/4 ), -, -",EA,
3300040-000800C,"LINE CHECK V/V( C800S , 1/2 , 0.5BAR )",SD-25,"( C800S , 1/2 , 0.5BAR ), -, -",EA,
3300040-HC16005,"LINE CHECK V/V ( HC1600-5 1"" )",SD-25,"(HC1600, 5bar 1""), -, -",EA,
3300040-HC16008,"LINE CHECK V/V(HC1600, 8bar)",SD-25,"(HC1600, 8bar), -, -",EA,
3300050-0000038,"BALL V/V ( 3/8"" , 나비형 )",SD-25,", -, -",EA,
3300050-0000100,"BALL V/V ( 1"" , SEAT TYPE )",SD-25,"BALL V/V ( 1"" , SEAT TYPE ), -, -",EA,
3300050-1000012,"BALL V/V ( 1/2 , 나비형 )",SD-25,", -, -",EA,
3310005-0000003,"CARTRIDGE/CBEA-LHN,C/B VALVE용",SD-700,"CBEA-LHN,C/B V/V",EA,
3310005-CKCDXCN,"CARTRIDGE ( CKCD-XCN,210bar , JD-2000 )",SD-25,"(CKCD-XCN,210bar), -, -",EA,
3310015-1024200,RELIEF VALVE,SD-700,,EA,
3310015-3137990,RELIEF VALVE/1-A3137-99-0,SD-700,1-A3137-99-0,EA,
3310035-1114594,PRES.REDUG VALVE/KFP1A1145-94-2,SD-700,KFP1A1145-94-2,EA,
3310040-CBBDLJN,"CARTRIDGE( CBBD-LJN,JD-2000 )",SD-25,"썬( CBBD-LJN,JD-2000 ), -, -",EA,
3310055-0023000,PILOT PRSSR.VALVE/AVN020-B/30.00,SD-700,AVN020-B/30.00,EA,
3310055-0024000,PILOT PRSSR.VALVE/AVN020-B/40.00,SD-700,AVN020-B/40.00,EA,
3310065-1071113,D/CON'T VALVE/SV10-B/07G-111AX3/SPACER,SD-700,SV10-B/07G-111AX3/SPACER,EA,
3320000-0078439,DETENT/PARKER,SD-700,PARKER,EA,
3320000-0089614,DETENT KIT MD2/PCL402,SD-700,PCL402,EA,
3320000-0813180,D/CON'T VALVE/SD8/1/AD/YG3-180,SD-700,SD8/1/ADXYG3-180,EA,
3320000-0832828,D/CON'T VALVE/SD8/3/AD/SV/28IM,SD-700,SD8/3/ADXSV,EA,
3320000-4020003,REM.CONT.VALVE/PCL402-2578A,SD-700,PCL402-2578A,EA,
3320010-2002414,SOLENOID CONTROL VALVE,SD-700,,EA,
3320010-3002414,SOLENOID CONTROL VALVE,SD-700,,EA,
3320010-3004315,SOLENOID CONTROL VALVE/AD3004CZ002+BS315,SD-700,AD3004CZ002+BS315,EA,
3320010-4002414,SOLENOID CONTROL VALVE/DG-S4A00DL24,SD-700,"DG-S4A00DL24,PT1/4",EA,
3320075-1216394,"D/PILOT CHCK VALVE/CKCB-XCN,PT3/8",SD-700,"CKCB-XCN,PT3/8",EA,
3320075-7837000,D/PILOT CHCK VALVE/055341109401,SD-700,55341109401,EA,
3350000-000110S,SPEED CONTROL/SC1-10,SD-700,SC1-10,EA,
3350000-400015R,REGULATOR/R4000-15-A15,SD-700,R4000-15-A15,EA,
3350010-431008K,SOLENOID VALVE AIR/4KA310-08-DC24V,SD-700,4KA310-08-DC24V,EA,
3359005-000410B,BRACKET/T형/B410,SD-700,B410,EA,8431.49-9000
3395000-1310080,D/COLLECTOR BLOCK/1-A3100-98-0,SD-700,1-A3100-98-0,EA,
3395000-2140990,COLLARING BLOCK,SD-700,,EA,
3400000-000530E,SD-530E 실린더 도장비,SD-530E,,EA,
3400025-1007002,"EXTNSN-A CYLINDER/STR=200,SD700D",SD-700,"STR=200,SD700D",EA,
3401215-0000700,SEAL KIT/SD700D/FRONT IDLER용,SD-700,,EA,8431.49-9000
3401215-00007000,SEAL KIT,SD-700,,EA,8431.49-9000
3420000-0220045,AIR CYLINDER/CMK2-T-SR-20-45-LS-Y,SD-700,CMK2-T-SR-20-45-LS-Y,EA,
3420000-0240050,AIR CYLINDER/CMK2-CC-40-50-Y,SD-700,"3""xt42x16.2, SS275, -",EA,
34220-06300,SEPARATER/4900650-3422006,SD-700,4900650-3422006,EA,
3643600100,DPHRAGM,SD-700,,EA,8431.49-9000
3643600200,DPHRAGM,SD-700,,EA,
3643600300,DPHRAGM,SD-700,,EA,8431.49-9000
3643600400,DPHRAGM,SD-700,,EA,8431.49-9000
36622-00601,DPHRAGM,SD-700,,EA,8431.49-9000
3673000-0016240,"MICRO HOSE ( PF1/4*M16,4.0M )",SD-25,"( PF1/4*M16,4.0M ), -, -",EA,
3673000-0016255,"MICRO HOSE ( PF1/4*M16,5.5M )",SD-25,"( PF1/4*M16,5.5M ), -, -",EA,
3673000-0016262,"MICRO HOSE ( PF1/4*M16,6.2M )",SD-25,"(PF1/4*M16,6.2M), -, -",EA,
3673000-0016290,"MICRO HOSE ( PF1/4*M16,9.0M )",SD-25,"(PF1/4*M16,9.0M), -, -",EA,
369300V-SD25999,HOSE V-CODE (SD-25 TRACK HEL),SD-25,임시 코드(리스트 확인),EA,
3731030-2533456,"SEAL,DUST/DSI 25X33X4.5X6",SD-700,DSI 25X33X4.5X6,EA,8431.49-9000
3731040-0457208,OIL SEAL/AD45X72X8-V,SD-700,AD45X72X8-V,EA,
3731040-0608010,OIL SEAL/AD60X80X10-V,SD-700,AD60X80X10-V,EA,
3731040-0659010,OIL SEAL/AD 65X90X10-V,SD-700,AD 65X90X10-V,EA,
37400-10400,OIL FILTER ASSY,SD-700,,EA,
3770000-100751A,O-RING ( G75-1A ),SD-25,", -, -",EA,
3770000-101151A,O-RING ( G115-1A ),SD-25,"G115-1A, -, -",EA,
3770000-102001B,O-RING ( G200-1B ),SD-25,"G200-1B, -, -",EA,
3782015-0000703,SEAL KIT/BOOM CYLINDER/SD-700D,SD-700,,EA,8431.49-9000
3800000-300206C,LUBRICATOR/3002E-6C-V-B,SD-700,3002E-6C-V-B,EA,
3801000-0006310,L/FILTER/TEF631.25VG16SPFS9O,SD-700,TEF631.25VG16SPFS9O,EA,
3801000-0041015,PILOT FILTER/DTII-04-10-15,SD-700,DTII-04-10-15,EA,
3801000-2102524,"FILTER,RTN/FTC2A10QV25G24X3",SD-700,FTC2A10QV25G24X3,EA,
3801000-305100L,"LINE FLTR,PRSSR/LF BN/HC 30 G 5B 1.X",SD-700,LF BN/HC 30 G 5B 1.X,EA,
3801000-5784039,RETURN FILTER( JD-2000 ),SD-25,"HF578-40.390-AS-FG010-B17, -, -",EA,
3801015-0003000,OIL FILTER.LUB/LF-3000,SD-700,LF-3000,EA,
3801015-0003349,"OIL FILTER/LF-3349,SHCD-650D",SD-700,"LF-3349,SHCD-650D",EA,
3802000-400015F,AIR FILTER/F4000-15-FA15,SD-700,F4000-15-FA15,EA,
3802010-0002280,AIR PRE CLEANER,SD-700,,EA,
3802010-0020440,AIR PRE CLEANER,SD-700,,EA,
3802010-8240282,ELEMENT AIR CLNR/8240-02820,SD-700,8240-02820,EA,
3802010-8912457,AIR CLEANER ELEMENT-IN,SD-700,,EA,
3802010-8912458,AIR CLEANER ELEMENT-OUT,SD-700,,EA,
3802010-9912450,"FILTER SET(IN/OUT),AIR CLEANER",SD-700,,EA,
3802010-9912457,ELEMENT AIR CLEANER/INNER FILTER,SD-700,,EA,
380210-9912458,OUTER FILTER/AIR,SD-700,,EA,
3803005-0001280,"FUEL FILTER/FS-1280,SHCD650D",SD-700,"FS-1280,SHCD650D",EA,
3803005-0005052,"FUEL FILTER/FF-5052,SHCD650D",SD-700,"FF-5052,SHCD650D",EA,
3810000-150024H,"SUCTN STRNR/SH-SE-24,150MESH",SD-700,"SH-SE-24,150MESH",EA,
3810000-316020A,"Y-STRAINER ( 316 , PT 20A , 3/4"" )",SD-25,", ,",EA,
3820005-000004S,AIR BREATHER( PT1/2 ),SD-25,"PT 1/2, -, -",EA,
3820005-0116310,AIR BREATHER/9922-4500,SD-700,9922-4500,EA,
3820005-2000034,AIR BREATHER/PF3/4,SD-700,PF3/4,EA,
3880005-0075251,"ACCMULATOR/OLM.075-250-TUV,007-1515-0",SD-700,"OLM.075-250-TUV,007-1515-0",EA,8431.49-9000
3890005-0020100,"RETURN FILTER HYD,ELEMENT/SD700",SD-700,,EA,
3890005-0402477,"FILTER ELEMENT/PX-040A,PN:2477",SD-700,"PX-040A,PN:2477",EA,
3890005-3743804,"FLTR ELEMENT OIL/37438,04000",SD-700,"37438,04000",EA,
3890005-9326940,FILTER ELEMENT/PN:932694Q,SD-700,PN:932694Q,EA,
3890005-9373990,FILTER ELEMENT/937399Q,SD-700,937399Q,EA,
3890020-0007001,집진기필터/D200XID100XL500,SD-700,D200XID100XL500,EA,
3890020-3214387,FILTER.ELEMENT/32143 08700,SD-700,32143 08700,EA,
3910000-000042H,OIL COOLER/HPA42 WITH HYD.MTR,SD-700,HPA42 WITH HYD.MTR,EA,
3910000-000042M,HYDRAULIC MOTOR SET/PLM20.14/SUPPORT,SD-700,PLM20.14/SUPPORT,EA,8431.49-9000
3921000-2135301,"PRE.G/G/213.53,BOTTOM,250BAR",SD-700,"213.53,BOTTOM,250BAR",EA,
3921000-2135325,"PRE.G/G/213.53,CLAMP,BACK,250B",SD-700,"213.53,CLAMP,BACK,250B",EA,
3921000-4531120,PRE.G/G/UC.PGC.063.1.250/BACK/CLAMP,SD-700,UC.PGC.063.1.250/BACK/CLAMP,EA,
3921000-H0623SJ,"PRES GAUGE(0-250bar,JD-2000)",SD-25,"(P2582H4CBH0623SJ), -, -",EA,
3921000-H0643SJ,"PRES GAUGE(0-350bar, JD-2000)",SD-25,"(P2582H4CBH0643SJ), -, -",EA,
3921000-H1513SJ,"PRES GAUGE(0-40bar,JD-2000)",SD-25,"(P2582H4CBH1513SJ), -, -",EA,
3921001-2135301,"PRES GUAGE(BOTTOM,250BAR)",SD-700,"213.53RESTICTOR, -, -",EA,
3921001-2135306,"PRES GAUGE(CENTRE BACK, 0-40bar)",SD-25,"(CENTRE BACK, 0-40bar), -, -",EA,
3921001-2135325,PRES GAUGE(BACK/250BAR),SD-700,"( 213.53,063 RESTICTOR )",EA,
3922000-000321T,LEVEL GAUGE/UC.FLT.321,SD-700,UC.FLT.321,EA,
3922000-0660770,"LEVEL GUAGE/DJ-LG-066,L770",SD-700,"DJ-LG-066,L770",EA,
3922000-0660910,"LEVEL GUAGE/DJ-LG-066,L910",SD-700,"DJ-LG-066,L910",EA,
3924000-0660220,LEVEL GAUGE ASS'Y(M10xL220),SD-25,"-, -, -",EA,
3924000-0660480,"LEVEL GUAGE ASS'Y( M10,480mm,신형 )",SD-25,"M10, L:480mm, -, -",EA,
3924000-1660200,"LEVEL GUAGE ASS'Y( M10,200mm,신형 )",SD-25,"M10,200mm, -, -",EA,
3940000-0000801,"SILENCER ( SLW-8A , 1/4 )",SD-25,"(SLW-8A,1/4 ), -, -",EA,
4000000-0600405,"BEARING,BALL/6004 DDU",SD-700,6004 DDU,EA,
4000000-0601004,BALL BEARING (6010 ZZ),SD-25,"6010 ZZ, -, -",EA,
4000000-0620605,"BEARING,BALL/6206DDU",SD-700,6206DDU,EA,
4000000-0621000,"BEARING,BALL/6210",SD-700,6210,EA,
4000000-0621204,BALL BEARING ( 6212 ZZ ),SD-700,"고소작업대,SD-530E/제이엠(2)",EA,
4000000-0621301,"BEARING,BALL/6213Z",SD-700,6213Z,EA,
4000000-0630504,BALL BEARING ( 6305 ZZ ),SD-700,", -, -",EA,
4000000-0630602,BALL BEARING ( 6306UU ),SD-700,"6306UU, SS275, -",EA,
4000000-0630805,"BEARING,BALL/6308Z",SD-700,"6308ZZ, SS275, -",EA,
4000000-0630806,BEARING(6308ZZ-NSK),SD-25,"6308ZZ, S20C, ＿",EA,
4000000-0690505,"BEARING,BALL/6905DDU",SD-700,6905DDU,EA,
4002723,"BOLT,HEX/M16XP2.0XL210-10.9",SB151,M16XP2.0XL210-10.9,EA,8431.49-9000
4003118,"BOLT,HEX/M16XP1.5XL50-10.9",SB10,"M16xP1.5xL50(10.9T), S45C, 흑색산화피막처리",EA,8431.49-9000
4003120,"BOLT,HEX/M16XP1.5XL60-10.9",SB10,M16XP1.5XL60-10.9,EA,8431.49-9000
4003182,"BOLT,HEX/M20XP1.5XL85-10.9",SB43,M20XP1.5XL85-10.9,EA,8431.49-9000
4003292,"BOLT,HEX/M27XP2.0XL285-10.9/STGP",SB40,M27XP2.0XL285-10.9,EA,8431.49-9000
4003311,"BOLT,HEX/M30XP2.0XL140-10.9",SB130,"M30xP2.0xL140(10.9T), S45C, 흑색산화피막처리",EA,8431.49-9000
4003320,"BOLT,HEX/M30XP2.0XL310-10.9",SB50,M30XP2.0XL310-10.9,EA,8431.49-9000
4003452,"BOLT,HEX/M30XP2.0XL350-10.9",SB45,"M30xP2.0xL350-10.9, S25C, 아연도금",EA,8431.49-9000
4003453,"BOLT,HEX/M27XP2.0XL230-10.9/A/S용",SB40,"M27xP2.0xL230(10.9T), S45C, 흑색산화피막처리",EA,8431.49-9000
4003465,"BOLT,HEX/M36XP3.0XL470-10.9",SB125,M36XP3.0XL470-10.9,EA,8431.49-9000
4003468,"BOLT,HEX/M36XP3.0XL325-10.9",SB50,"M36xP3.0xL325(10.9T), S45C, 흑색산화피막처리",EA,8431.49-9000
4003469,"BOLT,HEX/M27XP2.0XL265-10.9",SB40,M27XP2.0XL265-10.9,EA,8431.49-9000
4003475,"BOLT,HEX/M42XP3.0XL330-10.9",SB50,"M42xP3.0xL330(10.9T), S45C, 흑색산화피막처리",EA,8431.49-9000
4004318,"BOLT,HEX/M20XP2.5XL50-12.9",SB30,"M20xP2.5xL50(12.9T), SCM435, 흑색산화피막처리",EA,8431.49-9000
4004319,"BOLT,HEX/M20XP2.5XL55-12.9",SB30,"M20xP2.5xL55(12.9T), SCM435, 흑색산화피막처리",EA,8431.49-9000
4004440,"BOLT,HEX/M30XP3.5XL75-12.9",SB151,M30XP3.5XL75-12.9,EA,8431.49-9000
4005250,"BOLT,HEX/M24X2.0XL120-12.9",SB81,M24X2.0XL120-12.9,EA,8431.49-9000
4005251,"BOLT,HEX/M24X2.0XL125-12.9",SB81,M24X2.0XL125-12.9,EA,8431.49-9000
4005252,"BOLT,HEX/M24X2.0XL130-12.9",SB81,M24X2.0XL130-12.9,EA,8431.49-9000
4005281,"BOLT,HEX/M27XP2.0XL130-12.9",SB81,M27XP2.0XL130-12.9,EA,8431.49-9000
4005312,"BOLT,HEX/M30XP2.0XL150-12.9",SB100,M30XP2.0XL150-12.9,EA,8431.49-9000
4005454,"BOLT,HEX/M30XP2.0XL370-12.9",SB50,M30XP2.0XL370-12.9,EA,8431.49-9000
4005463,"BOLT,HEX/M30XP2.0XL310-12.9",SB50,M30XP2.0XL310-12.9,EA,8431.49-9000
4005464,"BOLT,HEX/M36XP3.0XL310-12.9",SB50,"M36xP3.0xL310(12.9T), SCM435, 흑색산화피막처리",EA,8431.49-9000
4010000-NU1010N,ROLLER BEARING (NU 1010),SD-25,"NU 1010, -, -",EA,
4010084,"BOLT,SOCKET/M12XP1.75XL70-10.9",SQ80,M12XP1.75XL70-10.9,EA,8431.49-9000
4011376,"BOLT,SOCKET/M36XP4.0XL80-12.9/흑색산화/탈수소",SB200,"M36xP4xL80(12.9T), S45C, 다크로도금",EA,8431.49-9000
4012084,"BOLT,SOCKET/M12XP1.25XL70-10.9",SQ80,"M12xP1.25xL70(10.9T), S45C, 흑색산화피막처리",EA,8431.49-9000
4030005-202531F,DU DRY BEARING (MB2025-31FDU),SD-25,"MB2025_31FDU, -, -",EA,
4030005-251036F,DU DRY BEARING ( 2510-36FDU ) O/R,SD-25,"-, -, -",EA,
4030005-252036F,DU DRY BEARING ( 2520-36FDU ),SD-25,"MB2520-36FDU, -, -",EA,
4030005-352549F,DU DRY BEARING ( MB3525-49FDU ),SD-25,(활선차BOOM),EA,
4030005-353049F,DU DRY BEARING (MB3530-49FDU),SD-25,"MB3530-49FDU, -, -",EA,
4030005-404054F,DU DRY BEARING (MB4040-54FDU),SD-25,"MB4040-54FDU, -, -",EA,
4090000-000018T,CAM FOLLOWER/CFT-18UU,SD-700,CFT-18UU,EA,
4100055-0000010,EYE-BOLT ( M 10 ),SD-25,", -, -",EA,
4100075-1035703,U-BOLT(M10*R35*H70*E30),SD-25,"M10xR35xH70xE30, -, -",EA,
4100305,"NUT,HEX/M16XP1.5-10T 1종",SB60,M16XP1.5-10T TYPE.1,EA,8431.49-9000
4100306,"NUT,HEX/M18XP1.5-10T 1종",SB81,"M18xP1.5(10T,1종), S45C, 흑색산화피막처리",EA,8431.49-9000
4101000-0012050,BOLT/M128XP1.758XL50 H/T,SD-700,M128XP1.758L50 H/T,EA,
4101000-0014035,BOLT/M14XP2.0XL35 H/T,SD-700,M14XP2.0XL35 H/T,EA,
4101000-0024270,"BOLT (M24*P3.0*L270,H/T 10.9t)",SD-25,"M24xP3.0xL270_H/T, -, -",EA,
4110060-0012175,"LOCK NUT/SELF(M12*P1.75,URETAN",SD-25,"M12, -, -",EA,
4110060-9070020,"LOCK NUT/SELF (M70*P2.0, AN14)",SD-25,"-, -, -",EA,
4110800-0024200,NUT/M24XP2.0-8T,SD-700,M24XP2.0-8T,EA,8431.49-9000
4111000-0016200,NUT/M16XP2.0-10T,SD-700,M16XP2.0-10T,EA,8431.49-9000
4120000-0000220,"WASHER,PLANE/D22.0",SD-700,D22.0,EA,
4120005-0000140,"WASHER,SPRING/D14",SD-700,D14.0,EA,
4120005-0000160,"WASHER,SPRING/D16",SD-700,D16.0,EA,
4120005-0000240,"WASHER,SPRING",SD-700,,EA,
4121005-0000120,"WASHER,SPRING/D12, H/T",SD-700,D12 H/T,EA,
4121005-0000200,"WASHER,SPRING",SD-700,,EA,
4121010-0000140,BEARING WASHER ( AW 14 ),SD-25,"-, -, -",EA,
4130000-0001400,SNAP RING (H140),SD-25,", -, -",EA,
4130005-0000200,SNAP RING,SD-700,,EA,
4130005-0000220,SNAP RING,SD-700,,EA,
4143010,"NUT,CAP/M27XP2.0-8T",SB40,"M27xP2(8T), S40C, 흑색산화피막처리",EA,8431.49-9000
4143011,"NUT,CAP/M30XP2.0-8T",SB50,"M30xP2(8T), S40C, 흑색산화피막처리",EA,8431.49-9000
4143013,"NUT,CAP/M36XP3.0-8T",SB50,"M36xP3(8T), S40C, 흑색산화피막처리",EA,8431.49-9000
4143015,"NUT,CAP/M42XP3.0-8T",SB50,"M42xP3(8T), S40C, 흑색산화피막처리",EA,8431.49-9000
4210019,"WASHER,SPRING/D27",SB40,D27,EA,8431.49-9000
4210020,"WASHER,SPRING/D30-2호/T7.5",SB50,"d30.5xD49.9xt7.5(2호), SWRH57, 아연도금",EA,8431.49-9000
4211020,"WASHER,SPRING/M30-3호",SB50,"d30.5xD49.9xt7.5(3호), SWRH77, 아연도금",EA,8431.49-9000
4211022,"WASHER,SPRING/D36 H/T",SB50,"d36.5xD59.1xt9(3호), SWRH77, 아연도금",EA,8431.49-9000
4211028,"WASHER,SPRING/D42-3호",SB50,", S45C, 흑색산화피막처리",EA,
4300005-0500036,"CHAIN,ROLLER/RS50-3R,36LINK",SD-700,"RS50-3R,36LINK",EA,
4300005-1200070,"CHIN/RS120,70LINK",SD-700,"RS120,70LIN",EA,
4300005-1200285,"CHIN/RS120,285LINK",SD-700,"RS120,285LINK",EA,
4300005-160092,ROLLER CHAIN,SD-25,", , -",EA,
4300005-160389,ROLLER CHAIN,SD-25,", -, -",EA,
4300015-0350060,"CHAIN/RS35,3열, 60LINK",SD-700,"RS35,60LINK",EA,
4300130,"PIN,SPRING/D10XL40",SB30,D10XL40,EA,8431.49-9000
4300137,"PIN,SPRING/D10XL90/A-일반/V형/S70CM",SB10,D10XL90,EA,8431.49-9000
4300147,"PIN,SPRING/D13X56/A-일반/W형/S70CM",SB35,D13X56,EA,8431.49-9000
4300150,"PIN,SPRING/D13X80/A-일반/V형/S70CM",SB35,"D13xL80, STC5M, 인삼염피막처리",EA,8431.49-9000
4300152,"PIN,SPRING/D13X100/A-일반/W형/S70CM",SB35,D13X100,EA,8431.49-9000
4306005-0615800,CHAIN LINK,SD-25,"Ø6x80LINK, -, -",EA,
4306040-0021001,"CHAIN ATTACHMENT /HC2100S,14LK",SD-700,"HC2100S,14LK",EA,
4310000-014070F,"COIL SPR,PRSSR/DF14X70",SD-700,DF14X70,EA,
4311000-0220150,"인장 SPRING/OD22XL150, SAC-3600",SD-700,"OD22XL150,SAC-3600",EA,
4318000-0001351,"GAS SPRING/STR=135,MAX353,70KG",SD-700,", -, -",EA,
4320000-000180E,COUPLING HUB/가공,SD-700,,EA,
4320000-000280E,COUPLING ELASTIC RUBBER,SD-700,,EA,
4320000-022020C,"CENTA FLEX/CF-A-022-02,CPLNG",SD-700,"CF-A-022-02,CPLNG",EA,
4320000-0301220,SUPPORTING BEARING,SD-700,,EA,
4320000-080010C,"CENTA FLEX/CF-A-080-01,CPLNG",SD-700,"CF-A-080-01,CPLNG",EA,
4320000-100080E,COUPLING/ELASTIC-G80HE2 11.5 50SHA,SD-700,ELASTIC-G80HE2 11.5 50SHA,EA,8431.49-9000
4320000-100280E,COUPLING/ELASTMOR 50SHA,SD-700,ELASTMOR 50SHA,EA,8431.49-9000
4400048,"RING,SNAP/KS B 1336 S95",SQ140,"S95, SK5M, 흑색산화피막처리",EA,8431.49-9000
4410000-101970B,"WIRE ROPE ( 19x7,비자전성,B종 )",SD-25,"Ø9-L30,000, -, -",MT,
4524005-020040B,"KNOB/XOG-68,D20XL40XM8,흑",SD-700,"XOG-68,D20*L40*M8,흑, , -",EA,
4524010-0039145,SOFT PVC BOARD,SD-700,,EA,
4530030-0300300,"WEATHER STRIP ( 3JM-P30,W6 )",SD-700,"1/4"", RUBBER, -",EA,
4534010-0292602,METACONE MOUNTING ( JD-2000 ),SD-25,", -, -",EA,
4534010-1000361,METACONE MOUNTING( 후방 ),SD-25,"-, -, -",EA,
4540015-1000750,천닥트 HOSE ( D75 ),SD-25,", , -",EA,
4540015-1000750-3,-,SD-25,", -, -",EA,
4540015-1000750-4,-,SD-25,", -, -",EA,
4540015-1000750-5,-,SD-25,", -, -",EA,
4540015-1000750-6,-,SD-25,", -, -",EA,
4540015-1000750-7,-,SD-25,", -, -",EA,
4604203,"BEARING,BALL/6207ZZ",SB149P,"6207ZZ, SUJ2, -",EA,
4605203,"BEARING,BALL/6307ZZ",SB149P,"6307ZZ, SUJ2, -",EA,
4610000-0000200,HOSE BAND/2,SD-700,2,EA,
4610000-0000400,HOSE BAND/4,SD-700,,EA,
4610000-0000500,HOSE BAND/5,SD-700,"5 inch, SS275, -",EA,
4610000-0000600,HOSE BAND,SD-700,,EA,
4610000-0000700,HOSE BAND/7,SD-700,"7 inch, SS275, -",EA,
4610000-000312V,"HOSE BAND ( 31/2"" ) USA",SD-25,"3 1/2"" USA, -, -",EA,
4620030-0120002-01,PIPE CLAMP_TOP,SD-25,", -, -",EA,
4620030-0120002-02,CLAMP,SD-25,", -, -",EA,
4620060-0000180,"STEEL HOSE CLAMP( 고압 , D180 )",SD-25,"D180, -, -",EA,
4680000-0000700,DOOR LOCK/CABIN 내부,SD-700,CABIN,EA,
4680000-0000800,BONNET CATCH ASSY(KJF032-41FB)),SD-25,", -, -",EA,
4680000-1173020,"LATCH(C-1173-2,SUS304)160H 컨트롤박스",SD-25,"-, -, -",EA,
4712900-0000070,RESERVOIR/SD700,SD-700,DR76200 대체,EA,
4720125-0001000,AIR CHARGER/SD700,SD-700,,EA,
4720540-050100N,NECK( NE50100: 50B-L100 ),SD-25,"-, -, -",EA,
4720540-084150N,NECK( NE84160: 80B-L150 ),SD-25,"NE84160:80B-L150, -, -",EA,
4720540-10050BA,"HYDRAULIC CAP( CP32-50BA , NON BREATH)",SD-25,"(CP32-50BA NON BREATH), -, -",EA,
4900650-000010J,TRACK ROLLER/JS-109,SD-700,JS-109,EA,
4900650-0373731,GASKET/03737 31402,SD-700,03737 31402,EA,
4900650-1113277,"START MOTOR/1113277,D-REMY,24V",SD-700,"1113277,D-REMY,24V",EA,
4900650-2054000,FRONT IDLER ASSY/ND20-54-000A,SD-700,ND20-54-000A,EA,
4900650-2054001,FRONT IDLER/WHEEL/ND20-54-000A,SD-700,WHEEL/ND20-54-000A,EA,
4900650-2054002,"END PLATE ASSY/F/IDLER용, R/S,CYLINDER",SD-700,,EA,
4900650-2141205,"COMP' PART. GEAR, DRIVEN/21412 05001",SD-700,21412 05001,EA,
4900650-2142014,"COUPLING DRIVEN/SD700II,SD1000II,SD1000E",SD-700,,EA,
4900650-2214002,DPHRAGM,SD-700,,EA,8431.49-9000
4900650-2214102,"DIAPHRAGM/SD700/22141,02001",SD-700,"2,214,102,001",EA,8431.49-9000
4900650-2220007,CHECK VALVE/22200 07400,SD-700,22200 07400,EA,
4900650-2223006,VALVE ASSY/CHECK/22230-00600,SD-700,22230-00600,EA,
4900650-3422006,"SEPERATOR/34220,06300",SD-700,"34220,06300",EA,
4900650-3531214,SEAL KIT/BOOM CYLINDER/SD-700D,SD-700,,EA,8431.49-9000
4900650-3643603,"DIAPHRAGM/SD700/36436,00300",SD-700,"3,643,600,300",EA,8431.49-9000
4900650-3643604,"DIAPHRAGM/SD700/36436,00400",SD-700,"3,643,600,400",EA,8431.49-9000
4900650-3643701,"DIAPHRAGM/SD700/36437,00100",SD-700,"3,643,700,100",EA,8431.49-9000
4900650-3643702,"DIAPHRAGM/SD700/36437,00200",SD-700,"3,643,700,200",EA,8431.49-9000
4900650-3660002,AUTO RELIEF VALVE/36600 02800,SD-700,36600 02800,EA,
4900650-3662206,"DIAPHRAGM/36622,00601",SD-700,"36622,00601",EA,8431.49-9000
4900650-3718911,BUSHING/SD700II,SD-700,,EA,
4900650-3720018,BY-PASS VALVE ASSY/3720001800,SD-700,3720001800,EA,
4900650-3723102,PELLET ASSY,SD-700,,EA,
4900650-3730025,OIL CHECK VALVE ASSY/37300 02500,SD-700,37300 02500,EA,
4900650-3740104,OIL FILTER ASSY/37400 10400,SD-700,37400 10400,EA,
4900650-3746002,ORIFICE/37460 02000,SD-700,37460 02000,EA,
4900650-3758000,STRAINER/37580 00100,SD-700,37580 00100,EA,
4900650-3911508,FAN BELT/SD700/ENGINE,SD-700,,EA,
4900650-3911579,"FAN BELT/3911579,3289157,3289224",SD-700,"3911579,3289157,3289224",EA,
4900700-0000700,BELT/FOR AIR CONDITIONER,SD-700,,EA,
4901000-1045135,TRACK LINK,SD-700,,EA,
4901200-0006045,"SHANK ADAPTER/SP-6,T45",SD-700,T45,EA,8431.49-9000
4965000-0626638,SHANK ADAPTER/T45 0626638,SD-700,T45 0626638,EA,8431.49-9000
4965000-2903901,MIRROR/P/N:2903-9008,SD-700,P/N:2903-9008,EA,
4965000-5115200,SHANK BOLT/C51152,SD-700,,EA,
4965000-5119100,CHARGING VALVE ASSY/C51191,SD-700,,EA,
4965000-C511460,LOW PRESS. ACCMULATOR ASSY/C51146,SD-700,C51146,EA,8431.49-9000
4965000-C511770,HIGH PRESS. ACCMULATOR ASSY/C511770,SD-700,C511770,EA,8431.49-9000
5000018,유압드릴/SD700,SD-700,,EA,
5000022,유압드릴/SD700D,SD-700,,EA,
50000524,재사용 가능 코드,SB147,842X116,EA,
50000525,재사용 가능 코드,SB147,842X116,EA,
5000074,유압드릴/SD700II,SD-700,,EA,
5000089,02급 링크/SDQ02P/PUSH TYPE,SDQ02P,PUSH TYPE,EA,8431.49-9000
5000090,06급 링크/SDQ06P/PUSH TYPE,SDQ06P,PUSH TYPE,EA,
5000091,08급 링크/SDQ08P/PUSH TYPE,SDQ08P,PUSH TYPE,EA,8431.49-9000
5000092,10급 링크/SDQ10P/PUSH TYPE,SDQ10P,PUSH TYPE,EA,
5000093,08급 링크/SDQ08H/HITCH TYPE,SDQ08H,HITCH TYPE,EA,
5000094,10급 링크/SDQ10H/HITCH TYPE,SDQ10H,HITCH TYPE,EA,8431.49-9000
5000095,17급 링크/SDQ17H/HITCH TYPE,SDQ17H,HITCH TYPE,EA,
5000100,배관 SET/08급 링크/HITCH TYPE,SDQ08P,08급 LINK,SET,
5000101,배관 SET/10급 링크/HITCH TYPE,SDQ10H,10급 LINK,SET,8431.49-9000
5000102,배관 SET/17급 링크/HITCH TYPE,SDQ10H,17급 LINK,SET,
5000109,유압드릴/SD700II,SD-700,,EA,
5000111,20급 LINK/HITCH TYPE/SDQ20H,SDQ20H,,EA,
5000112,배관 SET/20급 LINK/HITCH TYPE,SDQ20H,LINK/GRADE 20/HITCH TYPE,SET,
5000120,25급 LINK/HITCH TYPE/SDQ25H,SDQ20H,,EA,
5000121,배관 SET/25급 LINK/HITCH TYPE,SDQ20H,LINK/GRADE 25/HITCH TYPE,SET,
5000122,SDQ04/JCB3CX,SDQ02P,,EA,
5000123,연료필터/PUSH TYPE/SDQ04P,SDQ02P,,EA,
5000125,08급 LINK/수동식/SDQ08H,SDQ08H,,EA,
5000126,배관 SET/08급 LINK/수동식,SDQ08P,LINK/GRADE 02/MANUAL SYSTEM,SET,
5000135,06급 링크/SDQ06P/HITCH TYPE,SDQ06P,HITCH TYPE,EA,
5000182,MANUAL GREASING SET/SQ60~SQ120,SQ60,,EA,
5000183,MANUAL GREASING SET/SQ130~SQ150,SQ130,,EA,
5000184,MANUAL GREASING SET/SQ181,SQ181,,EA,
5010090-1100814,"M/ELBOW/MJL10-8,PT1/4,D10",SD-700,"MJL10-8,PT1/4,D10",EA,
5011204,링크/SQC06N/서비스,SDQ06P,,EA,
5011205,링크/SQC08N/서비스,SDQ08P,SQC08N,EA,
5011211,굴삭기/ROB555MVP+QUICK CLAMP/현대,SDQ02P,ROBEX555MVP+QUICK CLAMP,EA,
5100205-2120014,HOSE UNION ( BHUF12-02G ),SD-25,", S20C, -",EA,
5100205-2120038,HOSE UNION ( BHUF12-03G ),SD-25,"BHUF12-03G, -, -",EA,
5100205-2220034,HOSE UNION ( BHUF22-06 ),SD-25,"BHUF22-06G, -, -",EA,
5100305-2120014,HOSE BULKHEAD UNION,SD-25,"BHBF12-02G, -, -",EA,
5101900-1016014,"CHECK POINT( M16*2 , PT1/4 )",SD-25,"(M16*2 , PT1/4), -, -",EA,
5110000-1220034,M/CONNECTOR ( BMC22-06R ),SD-25,"BMC22-06R, -, -",EA,
5201000-4114114,ADAPTER (PT1 1/4*PF1 1/4),SD-25,"PF1 1/4""(HOSE 5번)xPT 1 1/4"", S20C, -",EA,
5201000-4200200,ADAPTER ( PT2*PF2 ),SD-25,"PF2""(HOSE 5번)xPT2"", S20C, -",EA,
5201500-5200200,"90"" ADAPTER(PT2""*PF2"")",SD-25,"-, -, -",EA,
5201700-5200200,"90""HOSE UNION ADA""(PF 2""*PF 2"")",SD-25,"-, -, -",EA,
5203100-4381803,"M/F ADAP.B/PF3/8XPT1/8,O/R",SD-700,"PF3/8XPT1/8,O/R",EA,
5203105-1120014,M/F ADPTR.B(G-M12*P1.5*PT1/4),SD-25,"-, -, -",EA,
5206000-0490200,S/W MALE ADAPTER (SSD-16WR),SD-25,"SSD-16WR, -, -",EA,
5401000-1040012,HEX NIPPLE (SNA-04R),SD-25,"SNA-04R (PT 1/2""), -, -",EA,
5404000-100018A,"GREASE NIPPLE/PT1/8,A:STRAIT",SD-700,"PT 1/8, STS304, -",EA,
5404000-100018S,FITTING,SD-700,,EA,
5412000-1160200,"SPECIAL COUPLING (SSB-16WR)(육각,파이프타입)",SD-25,"SSB-16WR, -, -",EA,
5501200-1160200,HEX HEAD PLUG (SPB-16R),SD-25,", -, -",EA,
5601000-1060034,FULL COUPLING (SFC-06R),SD-25,"PT3/4""(SFC-06R), SM45C, -",EA,
5601000-1160200,FULL COUPLING (SFC-16R),SD-25,"PT2""(SFC-16R), SM45C, -",EA,
5601100-1020014,HALF COUPLING (SHC-02R),SD-25,"SHC-02R(PT1/4""), -, -",EA,
5601100-1040012,HALF COUPLING (SHC-04R),SD-25,", SHC-04R, -",EA,
5601100-1080100,HALF COUPLING (SHC-08R),SD-25,"PT 1"", SHC, -",EA,
5601100-1160200,HALF COUPLING (SHC-16R),SD-25,"SHC-16R PT 2"", -, -",EA,
5602200-1020014,SPECIAL COUPLING (SSC-02WR),SD-25,"SSC-02WR, -, -",EA,
5602200-1063650,"SPECIAL COUPLING (SSC-06WR,외경D36,L50)",SD-25,"(SSC-06WR,외경D36,L50), -, -",EA,
5602200-1080100,SPECIAL COUPLING (SSC-08WR),SD-25,"SSC-08WR (PT1""), -, -",EA,
5602200-1160200,"SPECIAL COUPLING (SSC-16WR)(원형,파이프타입)",SD-25,", -, -",EA,
5900001,SDQ MINI,SDQ06P,,EA,
6010030-0000169,"CAP(HDC16-9,HD10-9-1939P CAP)",SD-25,"HDC16-9,HD10-9-1939P, -, -",EA,
6010990-3422063,4900650-3422006로 대체,SD-700,,EA,
6110015-0068001,FUEL GAUGE/DWS-68.001-단종,SD-700,", -, -",EA,
6110015-3015234,GAUGE/WATER TEMP,SD-700,WATER TEMP,EA,
6110020-3437051,"RELAY/4RA003 437-051,HELLA",SD-700,", -, -",EA,
6110020-3520157,"RELAY/4RD003 520-157,HELLA,DC24V",SD-700,", -, -",EA,
6120060-000130B,"CIRCUIT BREAKER/BKL1-30,MCCB",SD-700,"BKL1-30,MCCB",EA,
6200020-0001150,LIMIT SWITCH ( XCM-A115 ),SD-25,"XCM-A115, -, -",EA,
6200075-0511107,TUMBLER S/W/511107+596710BULB,SD-700,", -, -",EA,
6200075-0511199,TUMBLER S/W/511199+596710BULB,SD-700,,EA,
6200080-4002022,"MONO/L/SW/ARN2-2222,10101010B",SD-700,", -, -",EA,
6200085-3913615,KEY S/W/3913615L,SD-700,3913615L,EA,
6200110-000010E,PRESSURE SWITCH,SD-700,,EA,
6200110-003007X,"PRESSURE S/W/XMJ-A3007,300BAR",SD-700,"XMJ-A3007,300BAR",EA,
6200110-201150S,"PRSSR.S/W,AIR/ISE2-01-15,SMC",SD-700,"ISE2-01-15,SMC",EA,
6200110-3056344,"LOW OIL PRESSURE S/W/3056344,3408607",SD-700,"3056344,3408607",EA,
6200110-7700620,"PRES.S/W,AIR CLNR/REX77-0062",SD-700,", -, -",EA,
6200110-8040020,"PRESSURE S/W/P/N804-20,G1/4",SD-700,"P/N804-20,G1/4",EA,
6200110-8045803,PRESSURE S/W/0180-45803 1-006~20BAR,SD-700,0180-45803 1-006,EA,
6200120-6284302,ISOLATOR S/W/P/N:6EK002843-002,SD-700,P/N:6EK002843-002,EA,
6209090-0243000,"TACHOMETER/DC24V,3000RPM",SD-700,"DC24V,3000RPM",EA,
6209090-3062864,"TEMP S/W/3062864,3408630,HIGH WATER",SD-700,"3062864,3408630,HIGH WATER",EA,
6209090-7178422,DATCON TACHOMETER/SD700用,SD-700,,EA,
6220010-3526001,RELAY SOCKET/8JA003 526-001,SD-700,", -, -",EA,
6300000-0240055,LAMP AS/DC24V/55W/고정식,SD-700,DC24V/55W,EA,
6400005-004000S,"THERMO S/W,AIR/44334,04000",SD-700,"44334,04000",EA,
6400005-0067001,"SENDER,FUEL/DWS-67.001,L=1080",SD-700,", 15B36CR, -",EA,
6400006-3015238,"SENSOR,WATER TEMP/3015238",SD-700,3015238,EA,
6400031-0000650,"ELEC,CONTROLLER",SD-700,,EA,
6400035-0000650,CONTROL BOARD,SD-700,,EA,
6400035-009507M,PULSE CONTROLLER/SD700/210X150X20,SD-700,210X150X20,EA,
6400035-3039524,MAGNETIC PICK-UP/SD700用,SD-700,,EA,
8203153,RATCHET SPANNER/12MM,SB151,12MM,EA,
8203307,SINGLE RING SPANNER/SB50/46MM/200108,SB50,46MM,EA,
8203309,SINGLE RING SPANNER/70MM,SB50,70MM,EA,
8210035-0003030,"수평계( 미세각,유압드릴 ) [단종,대체품개발필요]",SD-25,", -, -",EA,
8300000-0091151,FLUSHING HOUSING-B/D91151,SD-700,D91151,EA,8431.49-9000
8300000-0091152,FLUSHING SLEEVE-B/D91152,SD-700,D91152,EA,
8300000-0091168,SHANK GUIDE/D91168,SD-700,D91168,EA,
8300005-000088D,"GREASE PUMP AIR/CHP-88,20L",SD-700,"CHP-88,20L",EA,8431.49-9000
8300025-038075,BIT,SD-700,,EA,
8300025-045090D,"BIT/DT45BB-90,D90.BUTTON",SD-700,"DT45BB-90,D90,BUTTON",EA,
8300025-045100D,"BIT/DT45BB-100,D100,BUTTON",SD-700,"DT45BB-100,D100,BUTTON",EA,
8320005-038023S,"COUPLER,HI (MHM 23S,PT3/8)",SD-25,"(MHM 23S,PT3/8), -, -",EA,
8320005-0504535,RUB CUSION( D50*45*ID15*7*H35 ),SD-25,", -, -",EA,
9100005-0000RED,PAINT(애니탄 I 광림적색)소화기함 도색용,SD-25,"애니탄(광림적색 소화기함 도색용), -, -",PL,
9100010-00000G5,PAINT(애니탄 I 다크그레이),SD-25,"애니탄, -, -",PL,
9107005-604199L,"PAINT 내열 PAINT (QT604-1999,BLACK,600C,1L)",SD-25,"내열(QT604-1999 BLACK 600C 1L), -, -",EA,
9200001,절삭유/비수용성/ILOCUT 334A,SB60,,DR,
9200002,절삭유/수용성/ALMAREDGE 230K,SB60,,DR,
9200003,작동유/비수용성/HYSPIN ZZ 32,SB60,,DR,
9200004,작동유/비수용성/MAGNA SW 68,SB60,,DR,
9204019,절삭유/수용성/ALUSOL AZ,SB60,ALUSOL AZ,DR,
9220000-5967101,S/K&WEDGE BASE LAMP/5967101,SD-700,5967101,EA,
AW81100,D/PILOT CHEAK V/V( 상부 ),SD-25,", -, -",EA,
AW90100,"CHECK POINT(M16*2,PF1/4"")가스켓타입",SD-25,"(M16*2,PF1/4"")가스켓타입, -, -",EA,
AXLE-SD-25,AXLE-SD-25,SD-25,"-, -, -",EA,
B0000356,CAP/W450/L585/SB140/880X720X402,SB140,880X720X402,EA,8431.49-9000
B0000401,MOUNTING PLATE/SB10~43/SKID LOADER/시방,SB10,1169X272X508,EA,8431.49-9000
B0000456,ADJUSTER HEX NUT/SB60,SB60,"M12*P1.25*L20(10T, 2종), S45C, 흑색산화피막처리",EA,8431.49-9000
B0000457,VALVE ADJUSTER/SB60/M16XP1.5XL76.5,SB60,"Ø12*L71, SNCM630, 흑색산화피막처리",EA,
B0000459,CAP/W450/L550/SB81/784X620X409.8,SB100,784X620X409.8,EA,8431.49-9000
B0000479,BAR COVER PLATE/SB200/T4.5X895X70/SS400,SB200,T4.5X895X70,EA,
B0000499,AUTO LUBRICATION KIT/아원,SB100,,EA,
B0000516,STICKER-R/BI+MODEL/SB57/489X71/PVC,SB57,"1, 염화비닐, -",EA,
B0000517,STICKER-L/BI+MODEL/SB57/489X71/PVC,SB57,"1, 염화비닐, -",EA,
B0000518,STICKER-L/BI+MODEL/SB57/587X85/PVC,SB57,"1, 염화비닐, -",EA,
B0000519,STICKER-R/BI+MODEL/SB57/587X85/PVC,SB57,", 염화비닐, -",EA,
B0000520,STICKER-L/BI+MODEL/SB87/434X60/PVC,SB87,", 염화비닐, -",EA,
B0000521,STICKER-R/BI+MODEL/SB87/434X60/PVC,SB87,", 염화비닐, -",EA,
B0000522,STICKER-L/BI+MODEL/SB87/668X92/PVC,SB87,", 염화비닐, -",EA,
B0000523,STICKER-R/BI+MODEL/SB87/668X92/PVC,SB87,", 염화비닐, -",EA,
B0000524,STICKER-L/BI+MODEL/SB147/842X116/PVC,SB147,842X116,EA,
B0000525,STICKER-R/BI+MODEL/SB147/842X116/PVC,SB147,842X116,EA,
B0000526,STICKER-L/BI+MODEL/SB147/850X109/PVC,SB147,850X109,EA,
B0000527,STICKER-R/BI+MODEL/SB147/850X109/PVC,SB147,850X109,EA,
B0000528,STICKER-L/BI+MODEL/SB157/917X127/PVC,SB157,917X127,EA,
B0000529,STICKER-R/BI+MODEL/SB157/917X127/PVC,SB157,917X127,EA,
B0000530,STICKER-L/BI+MODEL/SB160/889X123/PVC,SB160,889X123,EA,
B0000531,STICKER-R/BI+MODEL/SB160/889X123/PVC,SB160,889X123,EA,
B0000532,STICKER-L/BI+MODEL/SB167/950X131/PVC,SB167,950X131,EA,
B0000533,STICKER-R/BI+MODEL/SB167/950X131/PVC,SB167,950X131,EA,
B0000546,FRAME-R/SB40/TOP일체/W220/L310/916X438X85,SB40,916X438X85,EA,8431.49-9000
B0000547,FRAME-L/SB40/TOP일체/W220/L310/916X438X85,SB40,916X438X85,EA,8431.49-9000
B0000548,SPEC PLATE/SB167/SIDE/100X67/SUS/국문,SB167,100X67,EA,
B0000549,SPEC PLATE/SB167/저SIDE/100X67/SUS/국문,SB167,100X67,EA,
B0000563,STICKER ASSY/SB81/TR-F/2017 INTERMAT,SB81,,EA,
B0000564,STICKER-R/BI/SB81/634X82/PVC,SB81,634X82,EA,
B0000565,STICKER-L/BI/SB81/635X82/PVC,SB81,635X82,EA,
B0000592,MOUNTING PLATE/SB10~43/SKID LOADER,SB35,1243X507X263,EA,8431.49-9000
B0000610,UPPER SEAL RETAINER/SQ181/250X250X75,SQ181,", SCM415, -",EA,8431.49-9000
B0000612,PTFE TUBE/SQ70/D34X40/TEFLON90+CARBON10%,SQ70,"34x40x34, PTFE + CARBON, -",EA,8431.49-9000
B0000614,PTFE TUBE/SQ180/D50X40/TEFLON90+CARBON10,SQ180,", PTFE+CARBON, -",EA,8431.49-9000
B0000615,PTFE TUBE/SQ80/D40X40/TEFLON90+CARBON10%,SQ80,"40x40x40, PTFE + CARBON, -",EA,8431.49-9000
B0000835,CYLINDER/SQ40/192X145X367/SCM420,SQ40,192X145X367,EA,8412.90-9000
B0000835-20,CYLINDER/SQ40/192X145X367/20MnCr5,SQ40,192X145X367,EA,8412.90-9000
B0000835-20HH,CYLINDER/SQ40/192X145X367/열처리,SQ40,192X145X367,EA,8412.90-9000
B0000835-20LL,CYLINDER/SQ40/192X145X367/선삭,SQ40,192X145X367,EA,8412.90-9000
B0000835HH,CYLINDER/SQ40/192X145X367/열처리/SCM420,SQ40,192X145X367,EA,8412.90-9000
B0000835LL,CYLINDER/SQ40/192X145X367/선삭/SCM420,SQ40,192X145X367,EA,8412.90-9000
B0000835-TEST,CYLINDER/SQ40/192X145X367/SCM420,SQ40,192X145X367,EA,8412.90-9000
B0000835Z,CYLINDER/SQ40/192X145X367/20CrMo,SQ40,192X145X367,EA,8412.90-9000
B0000835ZHH,CYLINDER/SQ40/192X145X367/열처리/20CrMo,SQ40,192X145X367,EA,8412.90-9000
B0000835ZLL,CYLINDER/SQ40/192X145X367/선삭/20CrMo,SQ40,192X145X367,EA,8412.90-9000
B0000835ZMM,CYLINDER/SQ40/면삭/20CrMo,SQ40,,EA,8412.90-9000
B0000838,"ADJUSTER,STROKE/SQ40/16X72X16/SCM440",SQ40,", SCM440, 흑색산화피막처리",EA,8431.49-9000
B0000842,FRONT HEAD/SQ40/156X145X398/SCM420,SQ40,", SCM420, -",EA,8431.49-9000
B0000842-20,FRONT HEAD/SQ40/156X145X398,SQ40,156X145X398,EA,8431.49-9000
B0000842-20HH,FRONT HEAD/SQ40/156X145X398/열처리,SQ40,156X145X398,EA,8431.49-9000
B0000842-20LL,FRONT HEAD/SQ40/156X145X398/선삭,SQ40,156X145X398,EA,8431.49-9000
B0000842C,FRONT HEAD/SQ40/156X145X398/SCM420,SQ40,156X145X398,EA,8431.49-9000
B0000842HH,FRONT HEAD/SQ40/156X145X398/열처리,SQ40,156X145X398,EA,8431.49-9000
B0000842HHC,FRONT HEAD/SQ40/156X145X398/열처리,SQ40,156X145X398,EA,8431.49-9000
B0000842LL,FRONT HEAD/SQ40/156X145X398/선삭/SCM420,SQ40,156X145X398,EA,8431.49-9000
B0000842LLC,FRONT HEAD/SQ40/156X145X398/선삭/SCM420,SQ40,156X145X398,EA,8431.49-9000
B0000842-TEST,FRONT HEAD/SQ40/156X145X398/SCM420,SQ40,156X145X398,EA,8431.49-9000
B0000842Z,FRONT HEAD/SQ40/156X145X398/20CrMo,SQ40,156X145X398,EA,8431.49-9000
B0000842ZHH,FRONT HEAD/SQ40/156X145X398/열처리,SQ40,156X145X398,EA,8431.49-9000
B0000842ZLL,FRONT HEAD/SQ40/156X145X398/선삭/20CrMo,SQ40,156X145X398,EA,8431.49-9000
B0000842ZMM,FRONT HEAD/SQ40/면삭/20CrMo,SQ40,,EA,8431.49-9000
B0000894,MAIN BODY/SQ40,SQ40,", -, -",EA,8431.49-1000
B0000894-S,MAIN BODY/SUB ASSY/SQ40,SQ40,235X155X874,EA,
B0000894-S-TEST,MAIN BODY/SUB ASSY/SQ40,SQ40,235X155X874,EA,
B0000894-TEST,MAIN BODY/SQ40,SQ40,235X155X921,EA,8431.49-1000
B0000894Z,MAIN BODY/SQ40,SQ40,235X155X921,EA,8431.49-1000
B0000894Z-S,MAIN BODY/SUB ASSY/SQ40,SQ40,235X155X874,EA,
B0000901,FRONT HEAD/SQ20/118X104X296/SCM420,SQ20,", SCM420, -",EA,8431.49-9000
B0000901HH,FRONT HEAD/SQ20/118X104X296/열처리,SQ20,118X104X296,EA,8431.49-9000
B0000901LL,FRONT HEAD/SQ20/118X104X296/선삭/SCM420,SQ20,118X104X296,EA,8431.49-9000
B0000905,FRONT HEAD/SQ35/144X144X361/SCM420,SQ35,", SCM420, -",EA,8431.49-9000
B0000905HH,FRONT HEAD/SQ35/144X144X361/열처리,SQ35,144X144X361,EA,8431.49-9000
B0000905LL,FRONT HEAD/SQ35/144X144X361/선삭/SCM420,SQ35,144X144X361,EA,8431.49-9000
B0000911,CYLINDER/SQ20/146X104X324/SCM420,SQ20,146X104X324,EA,8412.90-9000
B0000911HH,CYLINDER/SQ20/146X104X324/열처리/SCM420,SQ20,146X104X324,EA,8412.90-9000
B0000911LL,CYLINDER/SQ20/146X104X324/선삭/SCM420,SQ20,146X104X324,EA,8412.90-9000
B0000929,MAIN BODY/SQ35,SQ35,", -, -",EA,8431.49-1000
B0000929-S,MAIN BODY/SUB ASSY/SQ35,SQ35,223X144X835,EA,
B0000954,CYLINDER/SQ35/180X132X363/SCM420,SQ35,", SCM420, -",EA,8412.90-9000
B0000954HH,CYLINDER/SQ35/180X132X363/열처리/SCM420,SQ35,180X132X363,EA,8412.90-9000
B0000954LL,CYLINDER/SQ35/180X132X363/선삭/SCM420,SQ35,180X132X363,EA,8412.90-9000
B0000977,STICKER/기종/SB10/PVC,SB10,52X12,EA,
B0000978,STICKER/기종/SB20/PVC,SB20,"81x25, PVC, -",EA,
B0000979,STICKER/기종/SB30/PVC,SB30,"101x31, PVC, -",EA,
B0000980,STICKER/기종/SB35/PVC,SB35,"103x31, PVC, -",EA,
B0000981,STICKER/기종명/SB40II/101X31/PVC,SB40,101X31,EA,
