INSP_REQ_NO,INSP_CLASS_CD,INSP_REQ_DT,PLANT_CD,ITEM_CD,BP_CD,WC_CD,OPR_NO,POR_NO,POR_SEQ,PRODT_NO,LOT_NO,LOT_SIZE,SL_CD,INSP_REQMT_DT,INSP_SCHDL_DT,INSP_STATUS,UNIT_CD,RELEASE_DT
QR002363,R,2026-05-08 00:00:00,SA00,ES11100,1248667387,,,PO2604030081,4,,*,8.000000,A601,2026-05-08 00:00:00,,N,EA ,
QR002362,R,2026-05-08 00:00:00,SA00,ES11100,1248667387,,,PO2604200013,1,,*,10.000000,A700,2026-05-08 00:00:00,,R,EA ,2026-05-08 00:00:00
QR002361,R,2026-05-08 00:00:00,SA00,S5T3-2178000-01,2348802346,,,PO2604030088,2,,*,2.000000,A601,2026-05-08 00:00:00,,R,EA ,2026-05-08 00:00:00
QR002360,R,2026-05-08 00:00:00,SA00,6171-55000,2348802346,,,PO2604030088,1,,*,2.000000,A601,2026-05-08 00:00:00,,R,EA ,2026-05-08 00:00:00
QR002358,R,2026-05-07 00:00:00,SA00,EC08100,2298600847,,,PO2601220146,2,,*,11.000000,A503,2026-05-07 00:00:00,,R,EA ,2026-05-07 00:00:00
QR002354,R,2026-05-07 00:00:00,SA00,EC04400,2298600847,,,PO2604010053,1,,*,2.000000,A601,2026-05-07 00:00:00,,R,EA ,2026-05-07 00:00:00
QR002353,R,2026-05-07 00:00:00,SA00,EC04400,2298600847,,,PO2603270049,2,,*,2.000000,A601,2026-05-07 00:00:00,,R,EA ,2026-05-07 00:00:00
QR002351,R,2026-05-06 00:00:00,SA00,D303221,1348149488,,,PO2603120082,1,,*,2.000000,A601,2026-05-06 00:00:00,,R,EA ,2026-05-06 00:00:00
QR002350,R,2026-05-06 00:00:00,SA00,6110025-050260D,8528601272,,,PO2603180073,1,,*,6.000000,A700,2026-05-06 00:00:00,,R,EA ,2026-05-06 00:00:00
QR002349,R,2026-05-06 00:00:00,SA00,6110025-050260D,8528601272,,,PO2604030013,1,,*,2.000000,A601,2026-05-06 00:00:00,,R,EA ,2026-05-06 00:00:00
QR002348,R,2026-05-06 00:00:00,SA00,6110025-050260D,8528601272,,,PO2602270067,1,,*,1.000000,A601,2026-05-06 00:00:00,,R,EA ,2026-05-06 00:00:00
QR002347,R,2026-05-06 00:00:00,SA00,6110025-050260D,8528601272,,,PO2603040063,1,,*,1.000000,A601,2026-05-06 00:00:00,,R,EA ,2026-05-06 00:00:00
QR002346,R,2026-05-06 00:00:00,SA00,6110025-050260D,8528601272,,,PO2601120141,1,,*,11.000000,A601,2026-05-06 00:00:00,,R,EA ,2026-05-06 00:00:00
QR002298,R,2026-04-30 00:00:00,SA00,D323431,1348149488,,,PO2603120082,38,,*,2.000000,A601,2026-04-30 00:00:00,,R,EA ,2026-04-30 00:00:00
QR002297,R,2026-04-30 00:00:00,SA00,D8J3-3216000-00,1348149488,,,PO2603120082,5,,*,2.000000,A601,2026-04-30 00:00:00,,R,EA ,2026-04-30 00:00:00
QR002270,R,2026-04-30 00:00:00,SA00,D703342A,1348149488,,,PO2603030017,86,,*,1.000000,A601,2026-04-30 00:00:00,,R,EA ,2026-04-30 00:00:00
QR002269,R,2026-04-30 00:00:00,SA00,D703341A,1348149488,,,PO2603030017,85,,*,1.000000,A601,2026-04-30 00:00:00,,R,EA ,2026-04-30 00:00:00
QR002268,F,2026-04-30 00:00:00,SA00,Z5P1-MPFV000-00,,A1000,030,,,R26P150A860,860,1.000000,A100,2026-04-30 00:00:00,,R,UNT,2026-04-30 00:00:00
QR002267,F,2026-04-30 00:00:00,SA00,Z5P1-MPFV000-00,,A1000,030,,,R26P150A859,859,1.000000,A100,2026-04-30 00:00:00,,R,UNT,2026-04-30 00:00:00
QR002266,F,2026-04-30 00:00:00,SA00,E1Y1-0000000-00,,A2000,300,,,R25JD800EI337,337,1.000000,A100,2026-04-30 00:00:00,,R,UNT,2026-04-30 00:00:00
QR002265,F,2026-04-30 00:00:00,SA00,D120000,,A2000,040,,,R25JD1300E397,397,1.000000,A100,2026-04-30 00:00:00,,R,UNT,2026-04-30 00:00:00
QR002264,F,2026-04-30 00:00:00,SA00,D120000,,A2000,040,,,R25JD1300E396,396,1.000000,A100,2026-04-30 00:00:00,,R,UNT,2026-04-30 00:00:00
QR002263,F,2026-04-30 00:00:00,SA00,D120000,,A2000,040,,,R25JD1300E395,395,1.000000,A100,2026-04-30 00:00:00,,R,UNT,2026-04-30 00:00:00
QR002259,R,2026-04-29 00:00:00,SA00,D323431,1348149488,,,PO2603100014,73,,*,2.000000,A601,2026-04-29 00:00:00,,R,EA ,2026-04-29 00:00:00
QR002244,R,2026-04-29 00:00:00,SA00,T1D3-3401500-00,1348149488,,,PO2603120082,13,,*,2.000000,A601,2026-04-29 00:00:00,,R,EA ,2026-04-29 00:00:00
QR002161,R,2026-04-29 00:00:00,SA00,D703705,1348149488,,,PO2603030017,91,,*,1.000000,A601,2026-04-29 00:00:00,,R,EA ,2026-04-29 00:00:00
QR002160,R,2026-04-29 00:00:00,SA00,D701317,1348149488,,,PO2603030017,52,,*,2.000000,A601,2026-04-29 00:00:00,,R,EA ,2026-04-29 00:00:00
QR002159,F,2026-04-29 00:00:00,SA00,Z5P1-MPPV000-00,,A1000,290,,,A26P150A:860,860,1.000000,A100,2026-04-29 00:00:00,,R,UNT,2026-04-29 00:00:00
QR002158,F,2026-04-29 00:00:00,SA00,Z5P1-MPPV000-00,,A1000,290,,,A26P150A:859,859,1.000000,A100,2026-04-29 00:00:00,,R,UNT,2026-04-29 00:00:00
QR002157,F,2026-04-29 00:00:00,SA00,Z5P1-MPHV000-00,,A1000,220,,,A26P150A:858,858,1.000000,A100,2026-04-29 00:00:00,,R,UNT,2026-04-29 00:00:00
QR002156,F,2026-04-29 00:00:00,SA00,Z5P1-MPHV000-00,,A1000,220,,,A26P150A:857,857,1.000000,A100,2026-04-29 00:00:00,,R,UNT,2026-04-29 00:00:00
QR002155,F,2026-04-29 00:00:00,SA00,Z5P1-MPHV000-00,,A1000,220,,,A26P150A:856,856,1.000000,A100,2026-04-29 00:00:00,,R,UNT,2026-04-29 00:00:00
QR002154,F,2026-04-28 00:00:00,SA00,WC10000000,,A3000,290,,,A25SWC10M:087,87,1.000000,A100,2026-04-28 00:00:00,,R,UNT,2026-04-28 00:00:00
QR002153,F,2026-04-28 00:00:00,SA00,WC10000000,,A3000,290,,,A25SWC10M:086,86,1.000000,A100,2026-04-28 00:00:00,,R,UNT,2026-04-28 00:00:00
QR002152,F,2026-04-28 00:00:00,SA00,WC10000000,,A3000,290,,,A25SWC10M:085,85,1.000000,A100,2026-04-28 00:00:00,,R,UNT,2026-04-28 00:00:00
QR002151,F,2026-04-28 00:00:00,SA00,WC10000000,,A3000,290,,,A25SWC10M:084,84,1.000000,A100,2026-04-28 00:00:00,,R,UNT,2026-04-28 00:00:00
QR002150,F,2026-04-28 00:00:00,SA00,WC10000000,,A3000,290,,,A25SWC10M:083,83,1.000000,A100,2026-04-28 00:00:00,,R,UNT,2026-04-28 00:00:00
QR002149,F,2026-04-28 00:00:00,SA00,WC10000000,,A3000,290,,,A25SWC10M:082,82,1.000000,A100,2026-04-28 00:00:00,,R,UNT,2026-04-28 00:00:00
QR002148,F,2026-04-28 00:00:00,SA00,WC10000000,,A3000,290,,,A25SWC10M:081,81,1.000000,A100,2026-04-28 00:00:00,,R,UNT,2026-04-28 00:00:00
QR002147,F,2026-04-28 00:00:00,SA00,WC10000000,,A3000,290,,,A25SWC10M:080,80,1.000000,A100,2026-04-28 00:00:00,,R,UNT,2026-04-28 00:00:00
QR002146,F,2026-04-28 00:00:00,SA00,WC10000000,,A3000,290,,,A25SWC10M:079,79,1.000000,A100,2026-04-28 00:00:00,,R,UNT,2026-04-28 00:00:00
QR002145,F,2026-04-28 00:00:00,SA00,WC10000000,,A3000,290,,,A25SWC10M:078,78,1.000000,A100,2026-04-28 00:00:00,,R,UNT,2026-04-28 00:00:00
QR002144,F,2026-04-28 00:00:00,SA00,WC10000000,,A3000,290,,,A25SWC10M:077,77,1.000000,A100,2026-04-28 00:00:00,,R,UNT,2026-04-28 00:00:00
QR002143,F,2026-04-28 00:00:00,SA00,WC10000000,,A3000,290,,,A25SWC10M:076,76,1.000000,A100,2026-04-28 00:00:00,,R,UNT,2026-04-28 00:00:00
QR002142,F,2026-04-28 00:00:00,SA00,WC10000000,,A3000,290,,,A25SWC10M:075,75,1.000000,A100,2026-04-28 00:00:00,,R,UNT,2026-04-28 00:00:00
QR002141,F,2026-04-28 00:00:00,SA00,WC10000000,,A3000,290,,,A25SWC10M:074,74,1.000000,A100,2026-04-28 00:00:00,,R,UNT,2026-04-28 00:00:00
QR002140,F,2026-04-28 00:00:00,SA00,WC10000000,,A3000,290,,,A25SWC10M:073,73,1.000000,A100,2026-04-28 00:00:00,,R,UNT,2026-04-28 00:00:00
QR002139,F,2026-04-28 00:00:00,SA00,WC10000000,,A3000,290,,,A25SWC10M:072,72,1.000000,A100,2026-04-28 00:00:00,,R,UNT,2026-04-28 00:00:00
QR002138,F,2026-04-28 00:00:00,SA00,WC10000000,,A3000,290,,,A25SWC10M:071,71,1.000000,A100,2026-04-28 00:00:00,,R,UNT,2026-04-28 00:00:00
QR002137,F,2026-04-28 00:00:00,SA00,WC10000000,,A3000,290,,,A25SWC10M:070,70,1.000000,A100,2026-04-28 00:00:00,,R,UNT,2026-04-28 00:00:00
QR002136,F,2026-04-28 00:00:00,SA00,WC10000000,,A3000,290,,,A25SWC10M:069,69,1.000000,A100,2026-04-28 00:00:00,,R,UNT,2026-04-28 00:00:00
QR002135,F,2026-04-28 00:00:00,SA00,WC10000000,,A3000,290,,,A25SWC10M:068,68,1.000000,A100,2026-04-28 00:00:00,,R,UNT,2026-04-28 00:00:00
QR002134,F,2026-04-28 00:00:00,SA00,WC10000000,,A3000,290,,,A25SWC10M:067,67,1.000000,A100,2026-04-28 00:00:00,,R,UNT,2026-04-28 00:00:00
QR002133,F,2026-04-28 00:00:00,SA00,WC10000000,,A3000,290,,,A25SWC10M:066,66,1.000000,A100,2026-04-28 00:00:00,,R,UNT,2026-04-28 00:00:00
QR002132,F,2026-04-28 00:00:00,SA00,WC10000000,,A3000,290,,,A25SWC10M:065,65,1.000000,A100,2026-04-28 00:00:00,,R,UNT,2026-04-28 00:00:00
QR002131,F,2026-04-28 00:00:00,SA00,WC10000000,,A3000,290,,,A25SWC10M:064,64,1.000000,A100,2026-04-28 00:00:00,,R,UNT,2026-04-28 00:00:00
QR002130,F,2026-04-28 00:00:00,SA00,WC10000000,,A3000,290,,,A25SWC10M:063,63,1.000000,A100,2026-04-28 00:00:00,,R,UNT,2026-04-28 00:00:00
QR002129,F,2026-04-28 00:00:00,SA00,WC10000000,,A3000,290,,,A25SWC10M:062,62,1.000000,A100,2026-04-28 00:00:00,,R,UNT,2026-04-28 00:00:00
QR002128,F,2026-04-28 00:00:00,SA00,WC10000000,,A3000,290,,,A25SWC10M:061,61,1.000000,A100,2026-04-28 00:00:00,,R,UNT,2026-04-28 00:00:00
QR002127,F,2026-04-28 00:00:00,SA00,WC10000000,,A3000,290,,,A25SWC10M:060,60,1.000000,A100,2026-04-28 00:00:00,,R,UNT,2026-04-28 00:00:00
QR002126,F,2026-04-28 00:00:00,SA00,WC10000000,,A3000,290,,,A25SWC10M:059,59,1.000000,A100,2026-04-28 00:00:00,,R,UNT,2026-04-28 00:00:00
QR002125,F,2026-04-28 00:00:00,SA00,WC10000000,,A3000,290,,,A25SWC10M:058,58,1.000000,A100,2026-04-28 00:00:00,,R,UNT,2026-04-28 00:00:00
QR002124,F,2026-04-28 00:00:00,SA00,WC10000000,,A3000,290,,,A25SWC10M:057,57,1.000000,A100,2026-04-28 00:00:00,,R,UNT,2026-04-28 00:00:00
QR002123,F,2026-04-28 00:00:00,SA00,WC10000000,,A3000,290,,,A25SWC10M:056,56,1.000000,A100,2026-04-28 00:00:00,,R,UNT,2026-04-28 00:00:00
QR002122,F,2026-04-28 00:00:00,SA00,WC10000000,,A3000,290,,,A25SWC10M:055,55,1.000000,A100,2026-04-28 00:00:00,,R,UNT,2026-04-28 00:00:00
QR002121,F,2026-04-28 00:00:00,SA00,WC10000000,,A3000,290,,,A25SWC10M:054,54,1.000000,A100,2026-04-28 00:00:00,,R,UNT,2026-04-28 00:00:00
QR002120,F,2026-04-28 00:00:00,SA00,WC10000000,,A3000,290,,,A25SWC10M:053,53,1.000000,A100,2026-04-28 00:00:00,,R,UNT,2026-04-28 00:00:00
QR002119,F,2026-04-28 00:00:00,SA00,WC10000000,,A3000,290,,,A25SWC10M:052,52,1.000000,A100,2026-04-28 00:00:00,,R,UNT,2026-04-28 00:00:00
QR002118,F,2026-04-28 00:00:00,SA00,WC10000000,,A3000,290,,,A25SWC10M:051,51,1.000000,A100,2026-04-28 00:00:00,,R,UNT,2026-04-28 00:00:00
QR002117,F,2026-04-28 00:00:00,SA00,WC10000000,,A3000,290,,,A25SWC10M:050,50,1.000000,A100,2026-04-28 00:00:00,,R,UNT,2026-04-28 00:00:00
QR002116,F,2026-04-28 00:00:00,SA00,WC10000000,,A3000,290,,,A25SWC10M:049,49,1.000000,A100,2026-04-28 00:00:00,,R,UNT,2026-04-28 00:00:00
QR002115,F,2026-04-28 00:00:00,SA00,WC10000000,,A3000,290,,,A25SWC10M:048,48,1.000000,A100,2026-04-28 00:00:00,,R,UNT,2026-04-28 00:00:00
QR002114,F,2026-04-28 00:00:00,SA00,WC10000000,,A3000,290,,,A25SWC10M:047,47,1.000000,A100,2026-04-28 00:00:00,,R,UNT,2026-04-28 00:00:00
QR002113,F,2026-04-28 00:00:00,SA00,WC10000000,,A3000,290,,,A25SWC10M:046,46,1.000000,A100,2026-04-28 00:00:00,,R,UNT,2026-04-28 00:00:00
QR002112,F,2026-04-28 00:00:00,SA00,WC10000000,,A3000,290,,,A25SWC10M:045,45,1.000000,A100,2026-04-28 00:00:00,,R,UNT,2026-04-28 00:00:00
QR002111,F,2026-04-28 00:00:00,SA00,WC10000000,,A3000,290,,,A25SWC10M:044,44,1.000000,A100,2026-04-28 00:00:00,,R,UNT,2026-04-28 00:00:00
QR002110,F,2026-04-28 00:00:00,SA00,WC10000000,,A3000,290,,,A25SWC10M:043,43,1.000000,A100,2026-04-28 00:00:00,,R,UNT,2026-04-28 00:00:00
QR002109,F,2026-04-28 00:00:00,SA00,WC10000000,,A3000,290,,,A25SWC10M:042,42,1.000000,A100,2026-04-28 00:00:00,,R,UNT,2026-04-28 00:00:00
QR002108,F,2026-04-28 00:00:00,SA00,WC10000000,,A3000,290,,,A25SWC10M:041,41,1.000000,A100,2026-04-28 00:00:00,,R,UNT,2026-04-28 00:00:00
QR002107,F,2026-04-28 00:00:00,SA00,WC10000000,,A3000,290,,,A25SWC10M:040,40,1.000000,A100,2026-04-28 00:00:00,,R,UNT,2026-04-28 00:00:00
QR002106,F,2026-04-28 00:00:00,SA00,WC10000000,,A3000,290,,,A25SWC10M:039,39,1.000000,A100,2026-04-28 00:00:00,,R,UNT,2026-04-28 00:00:00
QR002105,F,2026-04-28 00:00:00,SA00,WC10000000,,A3000,290,,,A25SWC10M:038,38,1.000000,A100,2026-04-28 00:00:00,,R,UNT,2026-04-28 00:00:00
QR002104,F,2026-04-28 00:00:00,SA00,WC10000000,,A3000,290,,,A25SWC10M:037,37,1.000000,A100,2026-04-28 00:00:00,,R,UNT,2026-04-28 00:00:00
QR002103,F,2026-04-28 00:00:00,SA00,WC10000000,,A3000,290,,,A25SWC10M:036,36,1.000000,A100,2026-04-28 00:00:00,,R,UNT,2026-04-28 00:00:00
QR002102,F,2026-04-28 00:00:00,SA00,WC10000000,,A3000,290,,,A25SWC10M:035,35,1.000000,A100,2026-04-28 00:00:00,,R,UNT,2026-04-28 00:00:00
QR002101,F,2026-04-28 00:00:00,SA00,WC10000000,,A3000,290,,,A25SWC10M:034,34,1.000000,A100,2026-04-28 00:00:00,,R,UNT,2026-04-28 00:00:00
QR002100,F,2026-04-28 00:00:00,SA00,WC10000000,,A3000,290,,,A25SWC10M:033,33,1.000000,A100,2026-04-28 00:00:00,,R,UNT,2026-04-28 00:00:00
QR002098,R,2026-04-28 00:00:00,SA00,D8C1-2008000-06,1348149488,,,PO2604020055,15,,*,2.000000,A601,2026-04-28 00:00:00,,R,EA ,2026-04-28 00:00:00
QR002090,R,2026-04-28 00:00:00,SA00,D263305A,3128180264,,,PO2604210052,1,,*,1.000000,A700,2026-04-28 00:00:00,,R,EA ,2026-04-28 00:00:00
QR002089,F,2026-04-28 00:00:00,SA00,T1D1-0000000-00,,A2000,300,,,A25JD800I:392,392,1.000000,A100,2026-04-28 00:00:00,,R,UNT,2026-04-28 00:00:00
QR002088,F,2026-04-28 00:00:00,SA00,E1D1-0000000-00,,A2000,300,,,A25JD800EI:340,340,1.000000,A100,2026-04-28 00:00:00,,R,UNT,2026-04-28 00:00:00
QR002087,F,2026-04-28 00:00:00,SA00,E1D1-0000000-00,,A2000,300,,,A25JD800EI:339,339,1.000000,A100,2026-04-28 00:00:00,,R,UNT,2026-04-28 00:00:00
QR002086,F,2026-04-28 00:00:00,SA00,E1D1-0000000-00,,A2000,300,,,A25JD800EI:338,338,1.000000,A100,2026-04-28 00:00:00,,R,UNT,2026-04-28 00:00:00
QR002085,F,2026-04-28 00:00:00,SA00,E1D1-0000000-00,,A2000,300,,,A25JD800EI:337,337,1.000000,A100,2026-04-28 00:00:00,,R,UNT,2026-04-28 00:00:00
QR002084,F,2026-04-28 00:00:00,SA00,J8B1-0000000-00,,A2000,300,,,A25JD1300E:397,397,1.000000,A100,2026-04-28 00:00:00,,R,UNT,2026-04-28 00:00:00
QR002083,F,2026-04-28 00:00:00,SA00,J8B1-0000000-00,,A2000,300,,,A25JD1300E:396,396,1.000000,A100,2026-04-28 00:00:00,,R,UNT,2026-04-28 00:00:00
QR002082,F,2026-04-28 00:00:00,SA00,J8B1-0000000-00,,A2000,300,,,A25JD1300E:395,395,1.000000,A100,2026-04-28 00:00:00,,R,UNT,2026-04-28 00:00:00
QR002081,F,2026-04-28 00:00:00,SA00,D490000,,A2000,300,,,A25JD1050:086,86,1.000000,A100,2026-04-28 00:00:00,,N,UNT,
QR002080,F,2026-04-28 00:00:00,SA00,D490000,,A2000,300,,,A25JD1050:085,85,1.000000,A100,2026-04-28 00:00:00,,N,UNT,
QR002079,F,2026-04-28 00:00:00,SA00,J8B1-0000000-00,,A2000,300,,,A26JD1300E:400,400,1.000000,A100,2026-04-28 00:00:00,,R,UNT,2026-04-28 00:00:00
QR002078,F,2026-04-28 00:00:00,SA00,D490000,,A2000,300,,,R25JD1050084,84,1.000000,A100,2026-04-28 00:00:00,,R,UNT,2026-04-28 00:00:00
QR002027,R,2026-04-27 00:00:00,SA00,K025410D,1408131509,,,PO2601080100,43,,*,2.000000,A601,2026-04-27 00:00:00,,R,EA ,2026-04-27 00:00:00
QR002026,R,2026-04-27 00:00:00,SA00,K025254A,1408131509,,,PO2601080100,41,,*,4.000000,A601,2026-04-27 00:00:00,,R,EA ,2026-04-27 00:00:00
QR002021,R,2026-04-27 00:00:00,SA00,DF01610A,1348645361,,,PO2604070025,5,,*,10.000000,A700,2026-04-27 00:00:00,,R,EA ,2026-04-27 00:00:00
QR002020,R,2026-04-27 00:00:00,SA00,DF01510,1348645361,,,PO2603300018,5,,*,10.000000,A700,2026-04-27 00:00:00,,R,EA ,2026-04-27 00:00:00
QR002019,R,2026-04-27 00:00:00,SA00,DF00200,1348645361,,,PO2603160001,3,,*,10.000000,A700,2026-04-27 00:00:00,,R,EA ,2026-04-27 00:00:00
QR002018,R,2026-04-27 00:00:00,SA00,DF02910,1348645361,,,PO2603030131,2,,*,1.000000,A700,2026-04-27 00:00:00,,R,EA ,2026-04-27 00:00:00
QR002017,R,2026-04-27 00:00:00,SA00,DF02910,1348645361,,,PO2602230016,8,,*,1.000000,A700,2026-04-27 00:00:00,,R,EA ,2026-04-27 00:00:00
QR002016,R,2026-04-27 00:00:00,SA00,ES05200,2298600847,,,PO2604060102,1,,*,7.000000,A601,2026-04-27 00:00:00,,R,EA ,2026-04-27 00:00:00
QR002015,R,2026-04-27 00:00:00,SA00,EC08000,2298600847,,,PO2604030050,4,,*,6.000000,A601,2026-04-27 00:00:00,,R,EA ,2026-04-27 00:00:00
QR002014,R,2026-04-14 00:00:00,SA00,D323431,1348149488,,,PO2601090253,22,,*,1.000000,A700,2026-04-14 00:00:00,,R,EA ,2026-04-14 00:00:00
QR002011,R,2026-04-24 00:00:00,SA00,ES06800,9010100214,,,PO2601160138,1,,*,11.000000,A601,2026-04-24 00:00:00,,R,EA ,2026-04-24 00:00:00
QR002010,R,2026-04-24 00:00:00,SA00,ES06800,9010100214,,,PO2602050084,1,,*,9.000000,A601,2026-04-24 00:00:00,,R,EA ,2026-04-24 00:00:00
QR001934,R,2026-04-23 00:00:00,SA00,D8J3-3216000-00,1348149488,,,PO2603100014,9,,*,2.000000,A601,2026-04-23 00:00:00,,R,EA ,2026-04-23 00:00:00
QR001931,R,2026-04-22 00:00:00,SA00,D323431,1348149488,,,PO2602050096,10,,*,2.000000,A601,2026-04-22 00:00:00,,R,EA ,2026-04-22 00:00:00
QR001911,R,2026-04-22 00:00:00,SA00,K136177,3320703029,,,PO2601080490,3,,*,2.000000,A601,2026-04-22 00:00:00,,R,EA ,2026-04-22 00:00:00
QR001899,R,2026-04-21 00:00:00,SA00,DF00820A,1348645361,,,PO2604070025,7,,*,10.000000,A700,2026-04-21 00:00:00,,R,EA ,2026-04-21 00:00:00
QR001898,R,2026-04-21 00:00:00,SA00,DF01304,1348645361,,,PO2604070025,3,,*,10.000000,A700,2026-04-21 00:00:00,,R,EA ,2026-04-21 00:00:00
QR001897,R,2026-04-21 00:00:00,SA00,DF04900,1348645361,,,PO2603300018,8,,*,10.000000,A700,2026-04-21 00:00:00,,R,EA ,2026-04-21 00:00:00
QR001896,R,2026-04-21 00:00:00,SA00,DF04510,1348645361,,,PO2603300018,7,,*,10.000000,A700,2026-04-21 00:00:00,,R,EA ,2026-04-21 00:00:00
QR001895,R,2026-04-21 00:00:00,SA00,DF01610,1348645361,,,PO2603300018,6,,*,10.000000,A700,2026-04-21 00:00:00,,R,EA ,2026-04-21 00:00:00
QR001894,R,2026-04-21 00:00:00,SA00,DF01410,1348645361,,,PO2603300018,4,,*,10.000000,A700,2026-04-21 00:00:00,,R,EA ,2026-04-21 00:00:00
QR001893,R,2026-04-21 00:00:00,SA00,DF01100,1348645361,,,PO2603300018,3,,*,5.000000,A700,2026-04-21 00:00:00,,R,EA ,2026-04-21 00:00:00
QR001892,R,2026-04-21 00:00:00,SA00,DF00180,1348645361,,,PO2603300018,1,,*,5.000000,A700,2026-04-21 00:00:00,,R,EA ,2026-04-21 00:00:00
QR001891,R,2026-04-21 00:00:00,SA00,DF08200,1348645361,,,PO2603260013,1,,*,5.000000,A700,2026-04-21 00:00:00,,R,EA ,2026-04-21 00:00:00
QR001890,R,2026-04-21 00:00:00,SA00,DF01710,1348645361,,,PO2603240023,2,,*,10.000000,A700,2026-04-21 00:00:00,,R,EA ,2026-04-21 00:00:00
QR001889,R,2026-04-21 00:00:00,SA00,DF00180,1348645361,,,PO2603160001,1,,*,12.000000,A700,2026-04-21 00:00:00,,R,EA ,2026-04-21 00:00:00
QR001888,R,2026-04-21 00:00:00,SA00,DF00180,1348645361,,,PO2603140003,1,,*,5.000000,A700,2026-04-21 00:00:00,,R,EA ,2026-04-21 00:00:00
QR001887,R,2026-04-21 00:00:00,SA00,DF00880A,1348645361,,,PO2603030131,1,,*,15.000000,A700,2026-04-21 00:00:00,,R,EA ,2026-04-21 00:00:00
QR001886,R,2026-04-21 00:00:00,SA00,DF00100,1348645361,,,PO2603160001,11,,*,10.000000,A700,2026-04-21 00:00:00,,R,EA ,2026-04-21 00:00:00
QR001883,R,2026-04-21 00:00:00,SA00,M021-14100,1098145190,,,PO2601130065,5,,*,1.000000,A700,2026-04-21 00:00:00,,R,EA ,2026-04-21 00:00:00
QR001879,R,2026-04-20 00:00:00,SA00,D0031065-V5,5148177647,,,PO2603240015,1,,*,10.000000,A700,2026-04-20 00:00:00,,R,EA ,2026-04-20 00:00:00
QR001873,R,2026-04-17 00:00:00,SA00,EC04400,2298600847,,,PO2602040077,1,,*,1.000000,A700,2026-04-17 00:00:00,,R,EA ,2026-04-17 00:00:00
QR001859,R,2026-04-17 00:00:00,SA00,T1S3-2501000-01,1348149488,,,PO2601200022,91,,*,8.000000,A601,2026-04-17 00:00:00,,R,EA ,2026-04-17 00:00:00
QR001855,R,2026-04-16 00:00:00,SA00,Z2P3-1302000-06,3320703029,,,PO2603240053,1,,*,10.000000,A700,2026-04-16 00:00:00,,R,EA ,2026-04-16 00:00:00
QR001854,R,2026-04-16 00:00:00,SA00,EC04400,2298600847,,,PO2603060046,1,,*,1.000000,A601,2026-04-16 00:00:00,,R,EA ,2026-04-16 00:00:00
QR001851,R,2026-04-16 00:00:00,SA00,EC04400,2298600847,,,PO2603100093,1,,*,2.000000,A601,2026-04-16 00:00:00,,R,EA ,2026-04-16 00:00:00
QR001848,R,2026-04-16 00:00:00,SA00,EC04400,2298600847,,,PO2604030050,2,,*,2.000000,A601,2026-04-16 00:00:00,,R,EA ,2026-04-16 00:00:00
QR001846,R,2026-04-16 00:00:00,SA00,Z2P3-2738000-12,1348149488,,,PO2601200020,35,,*,2.000000,A601,2026-04-16 00:00:00,,R,EA ,2026-04-16 00:00:00
QR001841,R,2026-04-16 00:00:00,SA00,D4B3-3221000-01,1348149488,,,PO2602050096,13,,*,4.000000,A601,2026-04-16 00:00:00,,R,EA ,2026-04-16 00:00:00
QR001840,R,2026-04-16 00:00:00,SA00,D323431,1348149488,,,PO2602050096,10,,*,2.000000,A601,2026-04-16 00:00:00,,R,EA ,2026-04-16 00:00:00
QR001839,R,2026-04-16 00:00:00,SA00,6400007-2400010,2348802346,,,PO2604030088,3,,*,4.000000,A601,2026-04-16 00:00:00,,R,EA ,2026-04-16 00:00:00
QR001838,R,2026-04-16 00:00:00,SA00,6171-55000,2348802346,,,PO2603270027,1,,*,1.000000,A601,2026-04-16 00:00:00,,R,EA ,2026-04-16 00:00:00
QR001835,R,2026-04-15 00:00:00,SA00,A712603A,4918102052,,,PO2603060009,3,,*,1.000000,A601,2026-04-15 00:00:00,,R,EA ,2026-04-15 00:00:00
QR001834,R,2026-04-15 00:00:00,SA00,A712602,4918102052,,,PO2603060009,2,,*,1.000000,A601,2026-04-15 00:00:00,,R,EA ,2026-04-15 00:00:00
QR001831,R,2026-04-15 00:00:00,SA00,D2B1-3800000-03,3320703029,,,PO2603030125,1,,*,2.000000,A700,2026-04-15 00:00:00,,R,EA ,2026-04-15 00:00:00
QR001830,R,2026-04-14 00:00:00,SA00,T4N2-2316000-04,1378127519,,,PO2603270001,7,,*,4.000000,A601,2026-04-14 00:00:00,,R,EA ,2026-04-14 00:00:00
QR001829,R,2026-04-14 00:00:00,SA00,T4S1-3101000-13,1378127519,,,PO2603270001,1,,*,2.000000,A601,2026-04-14 00:00:00,,R,EA ,2026-04-14 00:00:00
QR001774,R,2026-04-14 00:00:00,SA00,D8J3-3216000-00,1348149488,,,PO2602050096,39,,*,4.000000,A601,2026-04-14 00:00:00,,R,EA ,2026-04-14 00:00:00
QR001773,R,2026-04-13 00:00:00,SA00,EC08100,2298600847,,,PO2603100093,2,,*,2.000000,A601,2026-04-13 00:00:00,,R,EA ,2026-04-13 00:00:00
QR001772,R,2026-04-13 00:00:00,SA00,EC08100,2298600847,,,PO2604030050,6,,*,6.000000,A601,2026-04-13 00:00:00,,R,EA ,2026-04-13 00:00:00
QR001771,R,2026-04-13 00:00:00,SA00,EC08100,2298600847,,,PO2604010053,2,,*,2.000000,A601,2026-04-13 00:00:00,,R,EA ,2026-04-13 00:00:00
QR001770,R,2026-04-13 00:00:00,SA00,EC08100,2298600847,,,PO2603270049,1,,*,2.000000,A601,2026-04-13 00:00:00,,R,EA ,2026-04-13 00:00:00
QR001769,R,2026-04-09 00:00:00,SA00,T4S1-3101000-13,1378127519,,,PO2603270001,1,,*,2.000000,A601,2026-04-09 00:00:00,,R,EA ,2026-04-09 00:00:00
QR001756,R,2026-04-09 00:00:00,SA00,D705331,3320703029,,,PO2603030114,8,,*,1.000000,A601,2026-04-09 00:00:00,,R,EA ,2026-04-09 00:00:00
QR001755,R,2026-04-09 00:00:00,SA00,D705330,3320703029,,,PO2603030114,7,,*,1.000000,A601,2026-04-09 00:00:00,,R,EA ,2026-04-09 00:00:00
QR001744,R,2026-04-09 00:00:00,SA00,D531122,1408131509,,,PO2603030132,13,,*,1.000000,A601,2026-04-09 00:00:00,,R,EA ,2026-04-09 00:00:00
QR001743,R,2026-04-09 00:00:00,SA00,T4N2-2316000-04,1378127519,,,PO2603270001,7,,*,4.000000,A601,2026-04-09 00:00:00,,R,EA ,2026-04-09 00:00:00
QR001742,R,2026-04-09 00:00:00,SA00,T4S1-3101000-13,1378127519,,,PO2603270001,1,,*,2.000000,A601,2026-04-09 00:00:00,,R,EA ,2026-04-09 00:00:00
QR001618,R,2026-04-09 00:00:00,SA00,D703705,1348149488,,,PO2601080445,100,,*,1.000000,A601,2026-04-09 00:00:00,,R,EA ,2026-04-09 00:00:00
QR001617,R,2026-04-09 00:00:00,SA00,D703341A,1348149488,,,PO2601080445,99,,*,1.000000,A601,2026-04-09 00:00:00,,R,EA ,2026-04-09 00:00:00
QR001616,R,2026-04-09 00:00:00,SA00,D703342A,1348149488,,,PO2601080445,81,,*,1.000000,A601,2026-04-09 00:00:00,,R,EA ,2026-04-09 00:00:00
QR001615,R,2026-04-09 00:00:00,SA00,D701317,1348149488,,,PO2601080445,53,,*,2.000000,A601,2026-04-09 00:00:00,,R,EA ,2026-04-09 00:00:00
QR001614,R,2026-04-08 00:00:00,SA00,D8B3-3112000-01,1378115105,,,PO2603260068,1,,*,4.000000,A700,2026-04-08 00:00:00,,R,EA ,2026-04-08 00:00:00
QR001612,R,2026-04-07 00:00:00,SA00,EC08200,2298600847,,,PO2604030050,5,,*,4.000000,A601,2026-04-07 00:00:00,,R,EA ,2026-04-07 00:00:00
QR001601,R,2026-04-06 00:00:00,SA00,ES05200,2298600847,,,PO2603060046,22,,*,4.000000,A601,2026-04-06 00:00:00,,R,EA ,2026-04-06 00:00:00
QR001600,R,2026-04-06 00:00:00,SA00,D705302E,2088702433,,,PO2603030034,10,,*,1.000000,A601,2026-04-06 00:00:00,,R,EA ,2026-04-06 00:00:00
QR001592,R,2026-04-06 00:00:00,SA00,D705703,2088702433,,,PO2603030034,16,,*,1.000000,A601,2026-04-06 00:00:00,,R,EA ,2026-04-06 00:00:00
QR001591,R,2026-04-06 00:00:00,SA00,D703202F,2088702433,,,PO2603030034,13,,*,1.000000,A601,2026-04-06 00:00:00,,R,EA ,2026-04-06 00:00:00
QR001590,R,2026-04-06 00:00:00,SA00,D705303C,2088702433,,,PO2603030034,11,,*,1.000000,A601,2026-04-06 00:00:00,,R,EA ,2026-04-06 00:00:00
QR001589,R,2026-04-06 00:00:00,SA00,D705139,2088702433,,,PO2603030034,9,,*,1.000000,A601,2026-04-06 00:00:00,,R,EA ,2026-04-06 00:00:00
QR001588,R,2026-04-06 00:00:00,SA00,D704550,2088702433,,,PO2603030034,7,,*,1.000000,A601,2026-04-06 00:00:00,,R,EA ,2026-04-06 00:00:00
QR001587,R,2026-04-06 00:00:00,SA00,D703336D,2088702433,,,PO2603030034,6,,*,1.000000,A601,2026-04-06 00:00:00,,R,EA ,2026-04-06 00:00:00
QR001586,R,2026-04-06 00:00:00,SA00,D701612,2088702433,,,PO2603030034,4,,*,1.000000,A601,2026-04-06 00:00:00,,R,EA ,2026-04-06 00:00:00
QR001585,R,2026-04-06 00:00:00,SA00,D701105A,2088702433,,,PO2603030034,1,,*,1.000000,A601,2026-04-06 00:00:00,,R,EA ,2026-04-06 00:00:00
QR001583,R,2026-04-02 00:00:00,SA00,T4S1-3101000-13,1378127519,,,PO2603270001,1,,*,2.000000,A601,2026-04-02 00:00:00,,R,EA ,2026-04-02 00:00:00
QR001524,R,2026-04-01 00:00:00,SA00,D8J3-3216000-00,1348149488,,,PO2602050079,37,,*,4.000000,A601,2026-04-01 00:00:00,,R,EA ,2026-04-01 00:00:00
QR001523,R,2026-04-01 00:00:00,SA00,D323431,1348149488,,,PO2602050079,7,,*,4.000000,A601,2026-04-01 00:00:00,,R,EA ,2026-04-01 00:00:00
QR001522,R,2026-04-01 00:00:00,SA00,D303221,1348149488,,,PO2602050079,6,,*,4.000000,A601,2026-04-01 00:00:00,,R,EA ,2026-04-01 00:00:00
QR001520,R,2026-04-01 00:00:00,SA00,D0031065-V5,5148177647,,,PO2603160118,1,,*,10.000000,A700,2026-04-01 00:00:00,,R,EA ,2026-04-01 00:00:00
QR001519,R,2026-04-01 00:00:00,SA00,6400005-1000110,1138150315,,,PO2601080297,1,,*,6.000000,A601,2026-04-01 00:00:00,,R,EA ,2026-04-01 00:00:00
QR001518,F,2026-03-31 00:00:00,SA00,T1D1-0000000-00,,A2000,300,,,A25JD800I:389,389,1.000000,A402,2026-03-31 00:00:00,,R,UNT,2026-03-31 00:00:00
QR001517,F,2026-03-31 00:00:00,SA00,J8B1-0000000-00,,A2000,300,,,A25JD1300E:398,398,1.000000,A402,2026-03-31 00:00:00,,R,UNT,2026-03-31 00:00:00
QR001516,F,2026-03-31 00:00:00,SA00,D020000,,A2000,040,,,R25JD800EI336-1,336,1.000000,A100,2026-03-31 00:00:00,,R,UNT,2026-03-31 00:00:00
QR001514,F,2026-03-31 00:00:00,SA00,A820000,,A1000,030,,,R24TJ185H002,2,1.000000,A100,2026-03-31 00:00:00,,R,UNT,2026-03-31 00:00:00
QR001513,F,2026-03-31 00:00:00,SA00,A820000,,A1000,030,,,R24TJ185H001,1,1.000000,A100,2026-03-31 00:00:00,,R,UNT,2026-03-31 00:00:00
QR001511,F,2026-03-31 00:00:00,SA00,D580000,,A2000,040,,,R25JD1400EII102,102,1.000000,A100,2026-03-31 00:00:00,,R,UNT,2026-03-31 00:00:00
QR001510,F,2026-03-31 00:00:00,SA00,D580000,,A2000,040,,,R25JD1400EII101,101,1.000000,A100,2026-03-31 00:00:00,,R,UNT,2026-03-31 00:00:00
QR001509,F,2026-03-31 00:00:00,SA00,D480000,,A2000,300,,,R22JD1450EG001,27,1.000000,A100,2026-03-31 00:00:00,,R,UNT,2026-03-31 00:00:00
QR001508,F,2026-03-31 00:00:00,SA00,D700000,,A3000,290,,,A25SD530E:029,29,1.000000,A100,2026-03-31 00:00:00,,R,UNT,2026-03-31 00:00:00
QR001507,F,2026-03-31 00:00:00,SA00,D580000,,A2000,300,,,A25JD1400EII:103,103,1.000000,A100,2026-03-31 00:00:00,,R,UNT,2026-03-31 00:00:00
QR001506,F,2026-03-31 00:00:00,SA00,D040000,,A2000,300,,,A25JD1400E:206,206,1.000000,A100,2026-03-31 00:00:00,,R,UNT,2026-03-31 00:00:00
QR001505,F,2026-03-31 00:00:00,SA00,D490000,,A2000,300,,,A25JD1050:084,84,1.000000,A100,2026-03-31 00:00:00,,R,UNT,2026-03-31 00:00:00
QR001504,F,2026-03-31 00:00:00,SA00,D490000,,A2000,300,,,A25JD1050:083,83,1.000000,A100,2026-03-31 00:00:00,,R,UNT,2026-03-31 00:00:00
QR001494,R,2026-03-30 00:00:00,SA00,T1D3-3401500-00,1348149488,,,PO2602050079,46,,*,4.000000,A601,2026-03-30 00:00:00,,R,EA ,2026-03-30 00:00:00
QR001491,R,2026-03-30 00:00:00,SA00,D8C1-2008000-06,1348149488,,,PO2603100014,40,,*,2.000000,A601,2026-03-30 00:00:00,,R,EA ,2026-03-30 00:00:00
QR001490,R,2026-03-30 00:00:00,SA00,D8C1-2008000-06,1348149488,,,PO2603120082,20,,*,2.000000,A601,2026-03-30 00:00:00,,R,EA ,2026-03-30 00:00:00
QR001489,R,2026-03-30 00:00:00,SA00,D8C1-2008000-06,1348149488,,,PO2602050079,22,,*,4.000000,A601,2026-03-30 00:00:00,,R,EA ,2026-03-30 00:00:00
QR001481,R,2026-03-30 00:00:00,SA00,DJ04500,1348645361,,,PO2603230068,1,,*,2.000000,A700,2026-03-30 00:00:00,,R,EA ,2026-03-30 00:00:00
QR001480,R,2026-03-30 00:00:00,SA00,DF01100,1348645361,,,PO2603160129,3,,*,5.000000,A700,2026-03-30 00:00:00,,R,EA ,2026-03-30 00:00:00
QR001479,R,2026-03-30 00:00:00,SA00,DF02000,1348645361,,,PO2603160001,13,,*,5.000000,A700,2026-03-30 00:00:00,,R,EA ,2026-03-30 00:00:00
QR001478,R,2026-03-30 00:00:00,SA00,DF01200,1348645361,,,PO2603160001,12,,*,10.000000,A700,2026-03-30 00:00:00,,R,EA ,2026-03-30 00:00:00
QR001477,R,2026-03-30 00:00:00,SA00,DF00700C,1348645361,,,PO2603160001,8,,*,20.000000,A700,2026-03-30 00:00:00,,R,EA ,2026-03-30 00:00:00
QR001476,R,2026-03-30 00:00:00,SA00,DF04900,1348645361,,,PO2603160001,7,,*,10.000000,A700,2026-03-30 00:00:00,,R,EA ,2026-03-30 00:00:00
QR001475,R,2026-03-30 00:00:00,SA00,DF04510,1348645361,,,PO2603160001,5,,*,10.000000,A700,2026-03-30 00:00:00,,R,EA ,2026-03-30 00:00:00
QR001474,R,2026-03-30 00:00:00,SA00,DF34002,1348645361,,,PO2603160001,2,,*,5.000000,A700,2026-03-30 00:00:00,,R,EA ,2026-03-30 00:00:00
QR001473,R,2026-03-30 00:00:00,SA00,DF02000,1348645361,,,PO2603110079,2,,*,3.000000,A700,2026-03-30 00:00:00,,R,EA ,2026-03-30 00:00:00
QR001472,R,2026-03-30 00:00:00,SA00,DF00500,1348645361,,,PO2603160001,10,,*,5.000000,A700,2026-03-30 00:00:00,,R,EA ,2026-03-30 00:00:00
QR001469,R,2026-03-27 00:00:00,SA00,M021-14100,1098145190,,,PO2601130065,4,,*,1.000000,A700,2026-03-27 00:00:00,,R,EA ,2026-03-27 00:00:00
QR001462,R,2026-03-26 00:00:00,SA00,D705703,2088702433,,,PO2601080409,16,,*,1.000000,A601,2026-03-26 00:00:00,,R,EA ,2026-03-26 00:00:00
QR001461,R,2026-03-26 00:00:00,SA00,D705303C,2088702433,,,PO2601080409,15,,*,1.000000,A601,2026-03-26 00:00:00,,R,EA ,2026-03-26 00:00:00
QR001460,R,2026-03-26 00:00:00,SA00,D705302E,2088702433,,,PO2601080409,14,,*,1.000000,A601,2026-03-26 00:00:00,,R,EA ,2026-03-26 00:00:00
QR001459,R,2026-03-26 00:00:00,SA00,D705139,2088702433,,,PO2601080409,12,,*,1.000000,A601,2026-03-26 00:00:00,,R,EA ,2026-03-26 00:00:00
QR001458,R,2026-03-26 00:00:00,SA00,D704551A,2088702433,,,PO2601080409,11,,*,1.000000,A601,2026-03-26 00:00:00,,R,EA ,2026-03-26 00:00:00
QR001457,R,2026-03-26 00:00:00,SA00,D704550,2088702433,,,PO2601080409,10,,*,1.000000,A601,2026-03-26 00:00:00,,R,EA ,2026-03-26 00:00:00
QR001456,R,2026-03-26 00:00:00,SA00,D703202F,2088702433,,,PO2601080409,7,,*,1.000000,A601,2026-03-26 00:00:00,,R,EA ,2026-03-26 00:00:00
QR001455,R,2026-03-26 00:00:00,SA00,D701612,2088702433,,,PO2601080409,6,,*,1.000000,A601,2026-03-26 00:00:00,,R,EA ,2026-03-26 00:00:00
QR001454,R,2026-03-26 00:00:00,SA00,D703336D,2088702433,,,PO2601080409,2,,*,1.000000,A601,2026-03-26 00:00:00,,R,EA ,2026-03-26 00:00:00
QR001453,R,2026-03-26 00:00:00,SA00,D701105A,2088702433,,,PO2601080409,1,,*,1.000000,A601,2026-03-26 00:00:00,,R,EA ,2026-03-26 00:00:00
QR001450,R,2026-03-25 00:00:00,SA00,DF05010,1348645361,,,PO2603030131,3,,*,10.000000,A700,2026-03-25 00:00:00,,R,EA ,2026-03-25 00:00:00
QR001449,R,2026-03-25 00:00:00,SA00,DF00200,1348645361,,,PO2602230016,11,,*,9.000000,A700,2026-03-25 00:00:00,,R,EA ,2026-03-25 00:00:00
QR001448,R,2026-03-25 00:00:00,SA00,DF00300,1348645361,,,PO2601090025,1,,*,10.000000,A700,2026-03-25 00:00:00,,R,EA ,2026-03-25 00:00:00
QR001447,R,2026-03-25 00:00:00,SA00,DF00600A,1348645361,,,PO2602230016,4,,*,3.000000,A700,2026-03-25 00:00:00,,R,EA ,2026-03-25 00:00:00
QR001446,R,2026-03-25 00:00:00,SA00,DF00400,1348645361,,,PO2602230016,3,,*,10.000000,A700,2026-03-25 00:00:00,,R,EA ,2026-03-25 00:00:00
QR001382,R,2026-03-24 00:00:00,SA00,D8J3-3216000-00,1348149488,,,PO2602050078,40,,*,2.000000,A601,2026-03-24 00:00:00,,R,EA ,2026-03-24 00:00:00
QR001381,R,2026-03-24 00:00:00,SA00,D323431,1348149488,,,PO2602050078,15,,*,2.000000,A601,2026-03-24 00:00:00,,R,EA ,2026-03-24 00:00:00
QR001376,R,2026-03-23 00:00:00,SA00,D323431,1348149488,,,PO2601200023,19,,*,2.000000,A601,2026-03-23 00:00:00,,R,EA ,2026-03-23 00:00:00
QR001374,R,2026-03-23 00:00:00,SA00,ES11100,1248667387,,,PO2603050020,4,,*,4.000000,A601,2026-03-23 00:00:00,,R,EA ,2026-03-23 00:00:00
QR001373,R,2026-03-20 00:00:00,SA00,ES11100,1248667387,,,PO2603090105,1,,*,20.000000,A700,2026-03-20 00:00:00,,R,EA ,2026-03-20 00:00:00
QR001372,R,2026-03-20 00:00:00,SA00,S5T3-2178000-01,2348802346,,,PO2602100014,1,,*,1.000000,A601,2026-03-20 00:00:00,,R,EA ,2026-03-20 00:00:00
QR001371,R,2026-03-20 00:00:00,SA00,S5T3-2178000-01,2348802346,,,PO2603050033,2,,*,1.000000,A601,2026-03-20 00:00:00,,R,EA ,2026-03-20 00:00:00
QR001370,R,2026-03-20 00:00:00,SA00,6171-55000,2348802346,,,PO2603050033,1,,*,1.000000,A601,2026-03-20 00:00:00,,R,EA ,2026-03-20 00:00:00
QR001366,R,2026-03-18 00:00:00,SA00,ES11100,1248667387,,,PO2603050019,1,,*,3.000000,A601,2026-03-18 00:00:00,,R,EA ,2026-03-18 00:00:00
QR001289,R,2026-03-18 00:00:00,SA00,D8J3-3216000-00,1348149488,,,PO2601200023,42,,*,2.000000,A601,2026-03-18 00:00:00,,R,EA ,2026-03-18 00:00:00
QR001287,R,2026-03-13 00:00:00,SA00,EC08100,2298600847,,,PO2603060046,10,,*,1.000000,A601,2026-03-13 00:00:00,,R,EA ,2026-03-13 00:00:00
QR001286,R,2026-03-13 00:00:00,SA00,EC08100,2298600847,,,PO2603060046,9,,*,1.000000,A601,2026-03-13 00:00:00,,R,EA ,2026-03-13 00:00:00
QR001285,R,2026-03-13 00:00:00,SA00,EC08100,2298600847,,,PO2603060046,8,,*,1.000000,A601,2026-03-13 00:00:00,,R,EA ,2026-03-13 00:00:00
QR001282,R,2026-03-13 00:00:00,SA00,EC08100,2298600847,,,PO2603060046,7,,*,3.000000,A601,2026-03-13 00:00:00,,R,EA ,2026-03-13 00:00:00
QR001281,R,2026-03-13 00:00:00,SA00,EC08100,2298600847,,,PO2602050114,2,,*,2.000000,A601,2026-03-13 00:00:00,,R,EA ,2026-03-13 00:00:00
QR001192,R,2026-03-12 00:00:00,SA00,T1S3-2501000-01,1348149488,,,PO2601090252,15,,*,1.000000,A601,2026-03-12 00:00:00,,R,EA ,2026-03-12 00:00:00
QR001117,R,2026-03-10 00:00:00,SA00,D323431,1348149488,,,PO2601090082,72,,*,4.000000,A602,2026-03-10 00:00:00,,R,EA ,2026-03-10 00:00:00
QR001116,R,2026-03-10 00:00:00,SA00,D4B3-3221000-01,1348149488,,,PO2601090082,68,,*,4.000000,A602,2026-03-10 00:00:00,,R,EA ,2026-03-10 00:00:00
QR001115,R,2026-03-10 00:00:00,SA00,D8J3-3216000-00,1348149488,,,PO2601090082,42,,*,4.000000,A602,2026-03-10 00:00:00,,R,EA ,2026-03-10 00:00:00
QR001106,R,2026-03-09 00:00:00,SA00,D703305-01,1348149488,,,PO2602060056,1,,*,3.000000,A500,2026-03-09 00:00:00,,R,EA ,2026-03-09 00:00:00
QR001104,R,2026-03-09 00:00:00,SA00,D8C1-2008000-06,1348149488,,,PO2602050078,28,,*,2.000000,A602,2026-03-09 00:00:00,,R,EA ,2026-03-09 00:00:00
QR001103,R,2026-03-09 00:00:00,SA00,D8C1-2008000-06,1348149488,,,PO2601200023,33,,*,2.000000,A602,2026-03-09 00:00:00,,R,EA ,2026-03-09 00:00:00
QR001102,R,2026-03-09 00:00:00,SA00,EC08000,2298600847,,,PO2603060046,6,,*,1.000000,A604,2026-03-09 00:00:00,,R,EA ,2026-03-09 00:00:00
QR001101,R,2026-03-09 00:00:00,SA00,EC08000,2298600847,,,PO2603060046,5,,*,1.000000,A604,2026-03-09 00:00:00,,R,EA ,2026-03-09 00:00:00
QR001100,R,2026-03-09 00:00:00,SA00,EC08000,2298600847,,,PO2603060046,4,,*,1.000000,A604,2026-03-09 00:00:00,,R,EA ,2026-03-09 00:00:00
QR001099,R,2026-03-09 00:00:00,SA00,EC04400,2298600847,,,PO2603060046,2,,*,1.000000,A604,2026-03-09 00:00:00,,R,EA ,2026-03-09 00:00:00
QR001097,R,2026-03-09 00:00:00,SA00,EC08200,2298600847,,,PO2603060046,11,,*,2.000000,A604,2026-03-09 00:00:00,,R,EA ,2026-03-09 00:00:00
QR001096,R,2026-03-09 00:00:00,SA00,EC08000,2298600847,,,PO2603060046,3,,*,3.000000,A604,2026-03-09 00:00:00,,R,EA ,2026-03-09 00:00:00
QR001095,R,2026-03-09 00:00:00,SA00,EC04400,2298600847,,,PO2602050114,1,,*,2.000000,A604,2026-03-09 00:00:00,,R,EA ,2026-03-09 00:00:00
QR001090,R,2026-03-09 00:00:00,SA00,6400007-2400010,2348802346,,,PO2603050033,4,,*,2.000000,A603,2026-03-09 00:00:00,,R,EA ,2026-03-09 00:00:00
QR001089,R,2026-03-09 00:00:00,SA00,6400007-2400010,2348802346,,,PO2603050033,3,,*,2.000000,A603,2026-03-09 00:00:00,,R,EA ,2026-03-09 00:00:00
QR001077,R,2026-03-07 00:00:00,SA00,D705331,3320703029,,,PO2601080434,12,,*,1.000000,A603,2026-03-07 00:00:00,,R,EA ,2026-03-07 00:00:00
QR001076,R,2026-03-07 00:00:00,SA00,D705330,3320703029,,,PO2601080434,11,,*,1.000000,A603,2026-03-07 00:00:00,,R,EA ,2026-03-07 00:00:00
QR001075,R,2026-03-06 00:00:00,SA00,D8B3-3112000-01,1378115105,,,PO2601090193,1,,*,6.000000,A700,2026-03-06 00:00:00,,R,EA ,2026-03-06 00:00:00
QR001074,R,2026-03-06 00:00:00,SA00,D8B3-3112000-01,1378115105,,,PO2601090190,1,,*,4.000000,A700,2026-03-06 00:00:00,,R,EA ,2026-03-06 00:00:00
QR001073,R,2026-03-03 00:00:00,SA00,K021259,2088702433,,,PO2601090215,1,,*,1.000000,A700,2026-03-03 00:00:00,,R,EA ,2026-03-03 00:00:00
QR001072,F,2026-02-28 00:00:00,SA00,Z5P1-MPFV000-00,,A1000,030,,,R25P150A855,855,1.000000,A100,2026-02-28 00:00:00,,R,UNT,2026-02-28 00:00:00
QR001071,F,2026-02-28 00:00:00,SA00,Z5P1-MPFV000-00,,A1000,030,,,R25P150A854,854,1.000000,A100,2026-02-28 00:00:00,,R,UNT,2026-02-28 00:00:00
QR000992,R,2026-03-03 00:00:00,SA00,T1S3-2501000-01,1348149488,,,PO2601080462,30,,*,3.000000,A601,2026-03-03 00:00:00,,R,EA ,2026-03-03 00:00:00
QR000991,R,2026-03-03 00:00:00,SA00,T1N3-1105000-00,1348149488,,,PO2601080462,20,,*,3.000000,A601,2026-03-03 00:00:00,,R,EA ,2026-03-03 00:00:00
QR000990,R,2026-03-03 00:00:00,SA00,T1I3-2305000-01,1348149488,,,PO2601080462,14,,*,3.000000,A601,2026-03-03 00:00:00,,R,EA ,2026-03-03 00:00:00
QR000989,F,2026-02-28 00:00:00,SA00,D020000,,A2000,040,,,R25JD800EI336,336,1.000000,A402,2026-02-28 00:00:00,,R,UNT,2026-02-28 00:00:00
QR000988,R,2026-03-03 00:00:00,SA00,6330015-0000090,4038600294,,,PO2601120106,2,,*,9.000000,A604,2026-03-03 00:00:00,,R,EA ,2026-03-03 00:00:00
QR000987,R,2026-03-03 00:00:00,SA00,6330015-0000090,4038600294,,,PO2601120106,1,,*,11.000000,A604,2026-03-03 00:00:00,,R,EA ,2026-03-03 00:00:00
QR000968,R,2026-03-03 00:00:00,SA00,T1I3-1229000-03,3320703029,,,PO2601080391,3,,*,3.000000,A601,2026-03-03 00:00:00,,R,EA ,2026-03-03 00:00:00
QR000967,F,2026-02-28 00:00:00,SA00,D580000,,A2000,300,,,A25JD1400EII:101,101,1.000000,A100,2026-02-28 00:00:00,,R,UNT,2026-02-28 00:00:00
QR000966,F,2026-02-28 00:00:00,SA00,D580000,,A2000,300,,,A25JD1400EII:102,102,1.000000,A100,2026-02-28 00:00:00,,R,UNT,2026-03-01 00:00:00
QR000965,F,2026-02-28 00:00:00,SA00,A540000,,A3000,290,,,A23SI160H:128,128,1.000000,A100,2026-02-28 00:00:00,,R,UNT,2026-02-28 00:00:00
QR000964,F,2026-02-28 00:00:00,SA00,A540000,,A3000,290,,,A23SI160H:127,127,1.000000,A100,2026-02-28 00:00:00,,R,UNT,2026-02-28 00:00:00
QR000963,F,2026-02-28 00:00:00,SA00,D120000,,A2000,040,,,R25JD1300E386,386,1.000000,A100,2026-02-28 00:00:00,,R,UNT,2026-02-28 00:00:00
QR000962,F,2026-02-28 00:00:00,SA00,E1D1-0000000-00,,A2000,300,,,A25JD800EI:336,336,1.000000,A100,2026-02-28 00:00:00,,R,UNT,2026-02-28 00:00:00
QR000961,F,2026-02-28 00:00:00,SA00,E1D1-0000000-00,,A2000,300,,,A25JD800EI:335,335,1.000000,A100,2026-02-28 00:00:00,,R,UNT,2026-02-28 00:00:00
QR000960,F,2026-02-28 00:00:00,SA00,Z5P1-MPPV000-00,,A1000,290,,,A25P150A:855,855,1.000000,A100,2026-02-28 00:00:00,,R,UNT,2026-02-28 00:00:00
QR000959,F,2026-02-28 00:00:00,SA00,Z5P1-MPPV000-00,,A1000,290,,,A25P150A:854,854,1.000000,A100,2026-02-28 00:00:00,,R,UNT,2026-02-28 00:00:00
QR000958,F,2026-02-27 00:00:00,SA00,J8B1-0000000-00,,A2000,300,,,A25JD1300E:394,394,1.000000,A100,2026-02-27 00:00:00,,R,UNT,2026-02-27 00:00:00
QR000957,F,2026-02-27 00:00:00,SA00,J8B1-0000000-00,,A2000,300,,,A25JD1300E:393,393,1.000000,A100,2026-02-27 00:00:00,,R,UNT,2026-02-27 00:00:00
QR000956,F,2026-02-27 00:00:00,SA00,J8B1-0000000-00,,A2000,300,,,A25JD1300E:392,392,1.000000,A100,2026-02-27 00:00:00,,R,UNT,2026-02-27 00:00:00
QR000955,R,2026-02-27 00:00:00,SA00,DF01010B,1348645361,,,PO2602100045,1,,*,8.000000,A700,2026-02-27 00:00:00,,R,EA ,2026-02-27 00:00:00
QR000954,R,2026-02-27 00:00:00,SA00,DF03291,1348645361,,,PO2601090037,1,,*,1.000000,A700,2026-02-27 00:00:00,,R,EA ,2026-02-27 00:00:00
QR000953,R,2026-02-27 00:00:00,SA00,DF02900,1348645361,,,PO2601090032,1,,*,2.000000,A700,2026-02-27 00:00:00,,R,EA ,2026-02-27 00:00:00
QR000952,R,2026-02-27 00:00:00,SA00,DF00384,1348645361,,,PO2601090011,2,,*,4.000000,A700,2026-02-27 00:00:00,,R,EA ,2026-02-27 00:00:00
QR000951,R,2026-02-27 00:00:00,SA00,DF00284,1348645361,,,PO2601090011,1,,*,1.000000,A700,2026-02-27 00:00:00,,R,EA ,2026-02-27 00:00:00
QR000949,R,2026-02-27 00:00:00,SA00,DF00700C,1348645361,,,PO2602230016,9,,*,20.000000,A700,2026-02-27 00:00:00,,R,EA ,2026-02-27 00:00:00
QR000948,R,2026-02-27 00:00:00,SA00,DF01200,1348645361,,,PO2602230016,7,,*,10.000000,A700,2026-02-27 00:00:00,,R,EA ,2026-02-27 00:00:00
QR000947,R,2026-02-27 00:00:00,SA00,DF01010B,1348645361,,,PO2602230016,6,,*,10.000000,A700,2026-02-27 00:00:00,,R,EA ,2026-02-27 00:00:00
QR000946,R,2026-02-27 00:00:00,SA00,DF00820A,1348645361,,,PO2602230016,5,,*,10.000000,A700,2026-02-27 00:00:00,,R,EA ,2026-02-27 00:00:00
QR000945,R,2026-02-27 00:00:00,SA00,DF00180,1348645361,,,PO2602230016,2,,*,5.000000,A700,2026-02-27 00:00:00,,R,EA ,2026-02-27 00:00:00
QR000944,R,2026-02-27 00:00:00,SA00,DF34007,1348645361,,,PO2601090045,5,,*,5.000000,A700,2026-02-27 00:00:00,,R,EA ,2026-02-27 00:00:00
QR000943,R,2026-02-27 00:00:00,SA00,D704501F,2088702433,,,PO2601080522,1,,*,3.000000,A600,2026-02-27 00:00:00,,R,EA ,2026-02-27 00:00:00
QR000935,R,2026-02-26 00:00:00,SA00,T1N1-3201000-10,1378127519,,,PO2601080499,2,,*,3.000000,A601,2026-02-26 00:00:00,,R,EA ,2026-02-26 00:00:00
QR000933,R,2026-02-26 00:00:00,SA00,D2B1-3800000-03,3320703029,,,PO2601140027,1,,*,3.000000,A700,2026-02-26 00:00:00,,R,EA ,2026-02-26 00:00:00
QR000932,R,2026-02-25 00:00:00,SA00,D135330,1348149488,,,PO2602110087,1,,*,2.000000,A602,2026-02-25 00:00:00,,R,EA ,2026-02-25 00:00:00
QR000929,R,2026-02-25 00:00:00,SA00,M021-14100,1098145190,,,PO2601130065,3,,*,1.000000,A700,2026-02-25 00:00:00,,R,EA ,2026-02-25 00:00:00
QR000862,R,2026-02-24 00:00:00,SA00,D8J3-3216000-00,1348149488,,,PO2601080534,66,,*,4.000000,A602,2026-02-24 00:00:00,,R,EA ,2026-02-24 00:00:00
QR000861,R,2026-02-24 00:00:00,SA00,D323431,1348149488,,,PO2601080534,28,,*,4.000000,A602,2026-02-24 00:00:00,,R,EA ,2026-02-24 00:00:00
QR000860,R,2026-02-24 00:00:00,SA00,D4B3-3221000-01,1348149488,,,PO2601080534,3,,*,4.000000,A602,2026-02-24 00:00:00,,R,EA ,2026-02-24 00:00:00
QR000859,R,2026-02-24 00:00:00,SA00,ES11100,1248667387,,,PO2602050027,1,,*,20.000000,A700,2026-02-24 00:00:00,,R,EA ,2026-02-24 00:00:00
QR000852,R,2026-02-23 00:00:00,SA00,Z5P3-220100C-00,3320703029,,,PO2601080390,9,,*,2.000000,A601,2026-02-23 00:00:00,,R,EA ,2026-02-23 00:00:00
QR000851,R,2026-02-23 00:00:00,SA00,Z5P3-220100C-00,3320703029,,,PO2601080389,6,,*,3.000000,A601,2026-02-23 00:00:00,,R,EA ,2026-02-23 00:00:00
QR000850,R,2026-02-23 00:00:00,SA00,S5T3-2178000-01,2348802346,,,PO2601080305,2,,*,11.000000,A603,2026-02-23 00:00:00,,R,EA ,2026-02-23 00:00:00
QR000849,R,2026-02-23 00:00:00,SA00,6171-55000,2348802346,,,PO2601080305,1,,*,11.000000,A603,2026-02-23 00:00:00,,R,EA ,2026-02-23 00:00:00
QR000841,R,2026-02-13 00:00:00,SA00,Z5P1-1901000-16,3020694842,,,PO2601080023,3,,*,3.000000,A601,2026-02-13 00:00:00,,R,EA ,2026-02-13 00:00:00
QR000840,R,2026-02-13 00:00:00,SA00,T2P3-2316000-02,3020694842,,,PO2601080023,2,,*,3.000000,A601,2026-02-13 00:00:00,,R,EA ,2026-02-13 00:00:00
QR000832,R,2026-02-13 00:00:00,SA00,Z5P1-1901000-16,3020694842,,,PO2601080022,4,,*,2.000000,A601,2026-02-13 00:00:00,,R,EA ,2026-02-13 00:00:00
QR000826,R,2026-02-13 00:00:00,SA00,Z5P1-1901000-16,3020694842,,,PO2601080021,3,,*,3.000000,A601,2026-02-13 00:00:00,,R,EA ,2026-02-13 00:00:00
QR000776,R,2026-02-12 00:00:00,SA00,Z2P3-2738000-12,1348149488,,,PO2601070179,6,,*,2.000000,A601,2026-02-12 00:00:00,,R,EA ,2026-02-12 00:00:00
QR000775,R,2026-02-11 00:00:00,SA00,ES11100,1248667387,,,PO2601120015,1,,*,44.000000,A603,2026-02-11 00:00:00,,R,EA ,2026-02-11 00:00:00
QR000774,R,2026-02-11 00:00:00,SA00,DF01010B,1348645361,,,PO2602100045,1,,*,2.000000,A700,2026-02-11 00:00:00,,R,EA ,2026-02-11 00:00:00
QR000773,R,2026-02-11 00:00:00,SA00,6400007-2400010,2348802346,,,PO2601300038,1,,*,10.000000,A700,2026-02-11 00:00:00,,R,EA ,2026-02-11 00:00:00
QR000772,R,2026-02-11 00:00:00,SA00,S5T3-2178000-01,2348802346,,,PO2601280025,2,,*,2.000000,A700,2026-02-11 00:00:00,,R,EA ,2026-02-11 00:00:00
QR000771,R,2026-02-11 00:00:00,SA00,EC08100,2298600847,,,PO2601210045,2,,*,2.000000,A604,2026-02-11 00:00:00,,R,EA ,2026-02-11 00:00:00
QR000770,R,2026-02-11 00:00:00,SA00,EC04400,2298600847,,,PO2601130106,4,,*,11.000000,A604,2026-02-11 00:00:00,,R,EA ,2026-02-11 00:00:00
QR000769,R,2026-02-11 00:00:00,SA00,EC08200,2298600847,,,PO2601130106,3,,*,5.000000,A604,2026-02-11 00:00:00,,R,EA ,2026-02-11 00:00:00
QR000768,R,2026-02-11 00:00:00,SA00,EC08000,2298600847,,,PO2601130106,2,,*,20.000000,A604,2026-02-11 00:00:00,,R,EA ,2026-02-11 00:00:00
QR000767,R,2026-02-11 00:00:00,SA00,EC08100,2298600847,,,PO2601130106,1,,*,33.000000,A604,2026-02-11 00:00:00,,R,EA ,2026-02-11 00:00:00
QR000766,R,2026-02-11 00:00:00,SA00,ES05200,2298600847,,,PO2601080239,20,,*,4.000000,A604,2026-02-11 00:00:00,,R,EA ,2026-02-11 00:00:00
QR000765,R,2026-02-10 00:00:00,SA00,6110025-050260D,8528601272,,,PO2602100053,1,,*,9.000000,A600,2026-02-10 00:00:00,,R,EA ,2026-02-10 00:00:00
QR000761,R,2026-02-09 00:00:00,SA00,D8J3-3216000-00,1348149488,,,PO2601080538,10,,*,4.000000,A602,2026-02-09 00:00:00,,R,EA ,2026-02-09 00:00:00
QR000694,R,2026-02-07 00:00:00,SA00,T1D3-3401500-00,1348149488,,,PO2601080538,25,,*,4.000000,A602,2026-02-07 00:00:00,,R,EA ,2026-02-07 00:00:00
QR000693,R,2026-02-07 00:00:00,SA00,D323431,1348149488,,,PO2601080538,12,,*,4.000000,A602,2026-02-07 00:00:00,,R,EA ,2026-02-07 00:00:00
QR000692,R,2026-02-07 00:00:00,SA00,D303221,1348149488,,,PO2601080538,2,,*,4.000000,A602,2026-02-07 00:00:00,,R,EA ,2026-02-07 00:00:00
QR000691,R,2026-02-06 00:00:00,SA00,6400007-2400010,2348802346,,,PO2601120032,1,,*,22.000000,A603,2026-02-06 00:00:00,,R,EA ,2026-02-06 00:00:00
QR000690,R,2026-02-04 00:00:00,SA00,6400007-2400010,2348802346,,,PO2601280025,1,,*,5.000000,A700,2026-02-04 00:00:00,,R,EA ,2026-02-04 00:00:00
QR000689,R,2026-01-30 00:00:00,SA00,T3L1-1101000-16,3020694842,,,PO2601290014,1,,*,1.000000,A601,2026-01-30 00:00:00,,R,EA ,2026-01-30 00:00:00
QR000688,R,2026-01-30 00:00:00,SA00,T3L1-1101000-16,3020694842,,,PO2601290014,2,,*,1.000000,A601,2026-01-30 00:00:00,,R,EA ,2026-01-30 00:00:00
QR000685,R,2026-01-30 00:00:00,SA00,DF05010,1348645361,,,PO2601140013,1,,*,10.000000,A700,2026-01-30 00:00:00,,R,EA ,2026-01-30 00:00:00
QR000684,R,2026-01-30 00:00:00,SA00,DJ50090,1348645361,,,PO2601090045,8,,*,10.000000,A700,2026-01-30 00:00:00,,R,EA ,2026-01-30 00:00:00
QR000683,R,2026-01-30 00:00:00,SA00,DJ00310,1348645361,,,PO2601090045,7,,*,20.000000,A700,2026-01-30 00:00:00,,R,EA ,2026-01-30 00:00:00
QR000682,R,2026-01-30 00:00:00,SA00,DJ00210,1348645361,,,PO2601090045,6,,*,20.000000,A700,2026-01-30 00:00:00,,R,EA ,2026-01-30 00:00:00
QR000681,R,2026-01-30 00:00:00,SA00,DF32010,1348645361,,,PO2601090045,3,,*,5.000000,A700,2026-01-30 00:00:00,,R,EA ,2026-01-30 00:00:00
QR000680,R,2026-01-30 00:00:00,SA00,DF08400,1348645361,,,PO2601090045,2,,*,10.000000,A700,2026-01-30 00:00:00,,R,EA ,2026-01-30 00:00:00
QR000679,R,2026-01-30 00:00:00,SA00,DF05500,1348645361,,,PO2601090045,1,,*,5.000000,A700,2026-01-30 00:00:00,,R,EA ,2026-01-30 00:00:00
QR000678,R,2026-01-30 00:00:00,SA00,DF04510,1348645361,,,PO2601090043,1,,*,10.000000,A700,2026-01-30 00:00:00,,R,EA ,2026-01-30 00:00:00
QR000677,R,2026-01-30 00:00:00,SA00,DF00880,1348645361,,,PO2601090028,1,,*,10.000000,A700,2026-01-30 00:00:00,,R,EA ,2026-01-30 00:00:00
QR000676,R,2026-01-30 00:00:00,SA00,DF00880,1348645361,,,PO2601090027,1,,*,10.000000,A700,2026-01-30 00:00:00,,R,EA ,2026-01-30 00:00:00
QR000675,R,2026-01-30 00:00:00,SA00,DF00200,1348645361,,,PO2601090023,1,,*,10.000000,A700,2026-01-30 00:00:00,,R,EA ,2026-01-30 00:00:00
QR000674,R,2026-01-30 00:00:00,SA00,DF00180,1348645361,,,PO2601090021,1,,*,5.000000,A700,2026-01-30 00:00:00,,R,EA ,2026-01-30 00:00:00
QR000673,R,2026-01-30 00:00:00,SA00,DF00100,1348645361,,,PO2601090019,1,,*,10.000000,A700,2026-01-30 00:00:00,,R,EA ,2026-01-30 00:00:00
QR000672,F,2026-01-29 00:00:00,SA00,K020000,,A3000,290,,,R25JA250C106,106,1.000000,A100,2026-01-29 00:00:00,,R,UNT,2026-01-29 00:00:00
QR000671,F,2026-01-29 00:00:00,SA00,D580000,,A2000,300,,,A25JD1400EII:100,100,1.000000,A100,2026-01-29 00:00:00,,R,UNT,2026-01-29 00:00:00
QR000670,F,2026-01-29 00:00:00,SA00,D040000,,A2000,300,,,A25JD1400E:205,205,1.000000,A100,2026-01-29 00:00:00,,N,UNT,
QR000668,F,2026-01-29 00:00:00,SA00,A670000,,A3000,290,,,A25SI211AE:033,33,1.000000,A100,2026-01-29 00:00:00,,R,UNT,2026-01-29 00:00:00
QR000667,F,2026-01-29 00:00:00,SA00,J8B1-0000000-00,,A2000,300,,,A25JD1300E:391,391,1.000000,A100,2026-01-29 00:00:00,,R,UNT,2026-01-29 00:00:00
QR000666,F,2026-01-29 00:00:00,SA00,E1D1-0000000-00,,A2000,300,,,A25JD800EI:334,334,1.000000,A100,2026-01-29 00:00:00,,R,UNT,2026-01-29 00:00:00
QR000661,R,2026-01-28 00:00:00,SA00,DF01710,1348645361,,,PO2601090031,1,,*,10.000000,A700,2026-01-28 00:00:00,,R,EA ,2026-01-28 00:00:00
QR000660,R,2026-01-28 00:00:00,SA00,DF01304,1348645361,,,PO2601090030,1,,*,10.000000,A700,2026-01-28 00:00:00,,R,EA ,2026-01-28 00:00:00
QR000659,R,2026-01-28 00:00:00,SA00,DF00800,1348645361,,,PO2601090026,1,,*,10.000000,A700,2026-01-28 00:00:00,,R,EA ,2026-01-28 00:00:00
QR000591,R,2026-01-28 00:00:00,SA00,Z2P3-2738000-12,1348149488,,,PO2601080385,60,,*,1.000000,A601,2026-01-28 00:00:00,,R,EA ,2026-01-28 00:00:00
QR000588,R,2026-01-28 00:00:00,SA00,D8C1-2008000-06,1348149488,,,PO2601080538,44,,*,4.000000,A602,2026-01-28 00:00:00,,R,EA ,2026-01-28 00:00:00
QR000587,R,2026-01-28 00:00:00,SA00,DF05010,1348645361,,,PO2601140001,2,,*,30.000000,A503,2026-01-28 00:00:00,,R,EA ,2026-01-28 00:00:00
QR000586,R,2026-01-28 00:00:00,SA00,DF01710,1348645361,,,PO2601140001,1,,*,30.000000,A503,2026-01-28 00:00:00,,R,EA ,2026-01-28 00:00:00
QR000576,R,2026-01-26 00:00:00,SA00,D323431,1348149488,,,PO2601080535,16,,*,4.000000,A602,2026-01-26 00:00:00,,R,EA ,2026-01-26 00:00:00
QR000575,R,2026-01-26 00:00:00,SA00,D4B3-3221000-01,1348149488,,,PO2601080535,2,,*,4.000000,A602,2026-01-26 00:00:00,,R,EA ,2026-01-26 00:00:00
QR000573,R,2026-01-26 00:00:00,SA00,EC04400,2298600847,,,PO2601210045,1,,*,2.000000,A604,2026-01-26 00:00:00,,R,EA ,2026-01-26 00:00:00
QR000572,R,2026-01-26 00:00:00,SA00,EC08100,2298600847,,,PO2601120192,2,,*,2.000000,A604,2026-01-26 00:00:00,,R,EA ,2026-01-26 00:00:00
QR000570,R,2026-01-23 00:00:00,SA00,ES05200,2298600847,,,PO2601080239,21,,*,4.000000,A604,2026-01-23 00:00:00,,R,EA ,2026-01-23 00:00:00
QR000569,R,2026-01-23 00:00:00,SA00,6400007-2400010,2348802346,,,PO2601220039,1,,*,3.000000,A700,2026-01-23 00:00:00,,R,EA ,2026-01-23 00:00:00
QR000562,R,2026-01-23 00:00:00,SA00,ES05200,2298600847,,,PO2601080239,6,,*,5.000000,A604,2026-01-23 00:00:00,,R,EA ,2026-01-23 00:00:00
QR000558,R,2026-01-23 00:00:00,SA00,A043101C,1378127519,,,PO2601070090,1,,*,1.000000,A601,2026-01-23 00:00:00,,R,EA ,2026-01-23 00:00:00
QR000553,R,2026-01-22 00:00:00,SA00,M021-14100,1098145190,,,PO2601130065,2,,*,1.000000,A700,2026-01-22 00:00:00,,R,EA ,2026-01-22 00:00:00
QR000486,R,2026-01-21 00:00:00,SA00,D8J3-3216000-00,1348149488,,,PO2601080535,81,,*,4.000000,A602,2026-01-21 00:00:00,,R,EA ,2026-01-21 00:00:00
QR000484,R,2026-01-21 00:00:00,SA00,EC04400,2298600847,,,PO2601120192,1,,*,2.000000,A604,2026-01-21 00:00:00,,R,EA ,2026-01-21 00:00:00
QR000475,R,2026-01-20 00:00:00,SA00,D323431,1348149488,,,PO2601080541,55,,*,2.000000,A602,2026-01-20 00:00:00,,R,EA ,2026-01-20 00:00:00
QR000417,R,2026-01-19 00:00:00,SA00,D8J3-3216000-00,1348149488,,,PO2601080541,10,,*,2.000000,A600,2026-01-19 00:00:00,,R,EA ,2026-01-19 00:00:00
QR000286,R,2026-01-19 00:00:00,SA00,D323431,1348149488,,,PO2601150126,59,,*,3.000000,A600,2026-01-19 00:00:00,,R,EA ,2026-01-19 00:00:00
QR000285,R,2026-01-19 00:00:00,SA00,T1D3-3401500-00,1348149488,,,PO2601150126,20,,*,3.000000,A600,2026-01-19 00:00:00,,R,EA ,2026-01-19 00:00:00
QR000284,R,2026-01-19 00:00:00,SA00,D8J3-3216000-00,1348149488,,,PO2601150126,9,,*,3.000000,A600,2026-01-19 00:00:00,,R,EA ,2026-01-19 00:00:00
QR000283,R,2026-01-19 00:00:00,SA00,D303221,1348149488,,,PO2601150126,1,,*,3.000000,A600,2026-01-19 00:00:00,,R,EA ,2026-01-19 00:00:00
QR000282,R,2026-01-19 00:00:00,SA00,D323431,1348149488,,,PO2601080540,59,,*,1.000000,A600,2026-01-19 00:00:00,,R,EA ,2026-01-19 00:00:00
QR000281,R,2026-01-19 00:00:00,SA00,T1D3-3401500-00,1348149488,,,PO2601080540,20,,*,1.000000,A600,2026-01-19 00:00:00,,R,EA ,2026-01-19 00:00:00
QR000280,R,2026-01-19 00:00:00,SA00,D8J3-3216000-00,1348149488,,,PO2601080540,9,,*,1.000000,A600,2026-01-19 00:00:00,,R,EA ,2026-01-19 00:00:00
QR000279,R,2026-01-19 00:00:00,SA00,D303221,1348149488,,,PO2601080540,1,,*,1.000000,A600,2026-01-19 00:00:00,,R,EA ,2026-01-19 00:00:00
QR000227,R,2026-01-19 00:00:00,SA00,Z2P3-2738000-12,1348149488,,,PO2601070129,36,,*,2.000000,A600,2026-01-19 00:00:00,,R,EA ,2026-01-19 00:00:00
QR000224,R,2026-01-19 00:00:00,SA00,D8C1-2008000-06,1348149488,,,PO2601150126,31,,*,3.000000,A600,2026-01-19 00:00:00,,R,EA ,2026-01-19 00:00:00
QR000223,R,2026-01-19 00:00:00,SA00,D8C1-2008000-06,1348149488,,,PO2601150125,5,,*,2.000000,A600,2026-01-19 00:00:00,,R,EA ,2026-01-19 00:00:00
QR000222,R,2026-01-19 00:00:00,SA00,D8C1-2008000-06,1348149488,,,PO2601080541,27,,*,2.000000,A600,2026-01-19 00:00:00,,R,EA ,2026-01-19 00:00:00
QR000221,R,2026-01-19 00:00:00,SA00,D8C1-2008000-06,1348149488,,,PO2601080540,31,,*,1.000000,A600,2026-01-19 00:00:00,,R,EA ,2026-01-19 00:00:00
QR000219,R,2026-01-19 00:00:00,SA00,Z5P3-220100C-00,3320703029,,,PO2601080436,4,,*,2.000000,A600,2026-01-19 00:00:00,,R,EA ,2026-01-19 00:00:00
QR000217,R,2025-09-12 00:00:00,SH00,Q61105,1408116129,,,PO2507230038,4,,*,2.000000,B50A,2025-09-12 00:00:00,,R,EA ,2025-10-29 00:00:00
QR000169,R,2022-03-21 00:00:00,SH00,9104028,1248716702,,,PO2203170018,1,,*,120.000000,MRO,2022-03-21 00:00:00,,N,EA ,
QR000167,R,2021-11-02 00:00:00,SH00,F81112,1408191813,,,PO2110250014,2,,*,5.000000,B700,2021-11-02 00:00:00,,R,EA ,2021-12-07 00:00:00
QR000166,R,2021-11-02 00:00:00,SH00,C03282,1408191813,,,PO2110250014,1,,*,30.000000,B700,2021-11-02 00:00:00,,R,EA ,2022-12-01 00:00:00
QR000165,R,2021-06-18 00:00:00,SH00,AS0232,1138679597,,,PO2106110023,2,,*,3.000000,C700,2021-06-18 00:00:00,,R,EA ,2022-12-31 00:00:00
QR000164,R,2021-06-18 00:00:00,SH00,AS0231,1138679597,,,PO2106110023,1,,*,3.000000,C700,2021-06-18 00:00:00,,R,EA ,2022-12-31 00:00:00
QR000163,R,2021-04-28 00:00:00,SH00,E81179,1408191813,,,PO2103210015,8,,2351,1.000000,B500,2021-04-28 00:00:00,,R,EA ,2021-05-01 00:00:00
QR000162,R,2021-04-28 00:00:00,SH00,E81179,1408191813,,,PO2103210015,8,,2350,1.000000,B500,2021-04-28 00:00:00,,R,EA ,2021-05-01 00:00:00
QR000161,R,2021-04-28 00:00:00,SH00,E81179,1408191813,,,PO2103210015,8,,2347,1.000000,B500,2021-04-28 00:00:00,,R,EA ,2021-05-01 00:00:00
QR000160,R,2021-04-28 00:00:00,SH00,E81179,1408191813,,,PO2103210015,8,,2345,1.000000,B500,2021-04-28 00:00:00,,R,EA ,2021-05-01 00:00:00
QR000159,R,2021-04-28 00:00:00,SH00,E81179,1408191813,,,PO2103210015,8,,2344,1.000000,B500,2021-04-28 00:00:00,,R,EA ,2021-05-01 00:00:00
QR000158,R,2021-04-28 00:00:00,SH00,E81179,1408191813,,,PO2103210015,8,,2342,1.000000,B500,2021-04-28 00:00:00,,R,EA ,2021-05-01 00:00:00
QR000157,R,2021-04-28 00:00:00,SH00,E81179,1408191813,,,PO2103210015,8,,2341,1.000000,B500,2021-04-28 00:00:00,,R,EA ,2021-05-01 00:00:00
QR000156,R,2021-04-28 00:00:00,SH00,E81179,1408191813,,,PO2103210015,8,,2338,1.000000,B500,2021-04-28 00:00:00,,R,EA ,2021-05-01 00:00:00
QR000155,R,2021-04-28 00:00:00,SH00,E81179,1408191813,,,PO2103210015,8,,2335,1.000000,B500,2021-04-28 00:00:00,,R,EA ,2021-05-01 00:00:00
QR000154,R,2021-04-28 00:00:00,SH00,E81179,1408191813,,,PO2103210015,8,,2332,1.000000,B500,2021-04-28 00:00:00,,R,EA ,2021-05-01 00:00:00
QR000153,R,2021-04-28 00:00:00,SH00,E81179,1408191813,,,PO2103210015,7,,2312,1.000000,B500,2021-04-28 00:00:00,,R,EA ,2021-05-01 00:00:00
QR000152,R,2021-04-28 00:00:00,SH00,E81179,1408191813,,,PO2103210015,7,,2305,1.000000,B500,2021-04-28 00:00:00,,R,EA ,2021-05-01 00:00:00
QR000151,R,2021-04-28 00:00:00,SH00,E81179,1408191813,,,PO2103210015,7,,2278,1.000000,B500,2021-04-28 00:00:00,,R,EA ,2021-05-01 00:00:00
QR000150,R,2021-04-28 00:00:00,SH00,E81179,1408191813,,,PO2103210015,7,,2277,1.000000,B500,2021-04-28 00:00:00,,R,EA ,2021-05-01 00:00:00
QR000149,R,2021-04-28 00:00:00,SH00,E81179,1408191813,,,PO2103210015,7,,2272,1.000000,B500,2021-04-28 00:00:00,,R,EA ,2021-05-01 00:00:00
QR000148,R,2021-04-28 00:00:00,SH00,E81179,1408191813,,,PO2103210015,7,,2270,1.000000,B500,2021-04-28 00:00:00,,R,EA ,2021-05-01 00:00:00
QR000147,R,2021-04-28 00:00:00,SH00,E81179,1408191813,,,PO2103210015,7,,2257,1.000000,B500,2021-04-28 00:00:00,,R,EA ,2021-05-01 00:00:00
QR000146,R,2021-03-11 00:00:00,SH00,E81179,1408191813,,,PO2103080024,1,,2324,1.000000,B500,2021-03-11 00:00:00,,R,EA ,2021-03-11 00:00:00
QR000145,R,2021-03-11 00:00:00,SH00,E81179,1408191813,,,PO2103080024,1,,2323,1.000000,B500,2021-03-11 00:00:00,,R,EA ,2021-03-11 00:00:00
QR000144,R,2021-03-11 00:00:00,SH00,E81179,1408191813,,,PO2103080024,1,,2321,1.000000,B500,2021-03-11 00:00:00,,R,EA ,2021-03-11 00:00:00
QR000143,R,2021-03-11 00:00:00,SH00,E81179,1408191813,,,PO2103080024,1,,2318,1.000000,B500,2021-03-11 00:00:00,,R,EA ,2021-03-11 00:00:00
QR000142,R,2021-03-11 00:00:00,SH00,E81179,1408191813,,,PO2103080024,1,,2316,1.000000,B500,2021-03-11 00:00:00,,R,EA ,2021-03-11 00:00:00
QR000141,R,2021-03-11 00:00:00,SH00,E81179,1408191813,,,PO2103080024,1,,2314,1.000000,B500,2021-03-11 00:00:00,,R,EA ,2021-03-11 00:00:00
QR000140,R,2021-03-11 00:00:00,SH00,E81179,1408191813,,,PO2103080024,1,,2307,1.000000,B500,2021-03-11 00:00:00,,R,EA ,2021-03-11 00:00:00
QR000139,R,2021-03-11 00:00:00,SH00,E81179,1408191813,,,PO2103080024,1,,2304,1.000000,B500,2021-03-11 00:00:00,,R,EA ,2021-03-11 00:00:00
QR000138,R,2021-03-11 00:00:00,SH00,E81179,1408191813,,,PO2103080024,1,,2301,1.000000,B500,2021-03-11 00:00:00,,R,EA ,2021-03-11 00:00:00
QR000137,R,2021-03-11 00:00:00,SH00,E81179,1408191813,,,PO2103080024,1,,2299,1.000000,B500,2021-03-11 00:00:00,,R,EA ,2021-03-11 00:00:00
QR000136,R,2021-03-11 00:00:00,SH00,E81179,1408191813,,,PO2103080024,1,,2292,1.000000,B500,2021-03-11 00:00:00,,R,EA ,2021-03-11 00:00:00
QR000135,R,2021-03-11 00:00:00,SH00,E81179,1408191813,,,PO2103080024,1,,2285,1.000000,B500,2021-03-11 00:00:00,,R,EA ,2021-03-11 00:00:00
QR000134,R,2021-03-11 00:00:00,SH00,E81179,1408191813,,,PO2103080024,1,,2283,1.000000,B500,2021-03-11 00:00:00,,R,EA ,2021-03-11 00:00:00
QR000133,R,2021-03-11 00:00:00,SH00,E81179,1408191813,,,PO2103080024,1,,2282,1.000000,B500,2021-03-11 00:00:00,,R,EA ,2021-03-11 00:00:00
QR000132,R,2021-03-11 00:00:00,SH00,E81179,1408191813,,,PO2103080024,1,,2281,1.000000,B500,2021-03-11 00:00:00,,R,EA ,2021-03-11 00:00:00
QR000131,R,2021-03-11 00:00:00,SH00,E81179,1408191813,,,PO2103080024,1,,2280,1.000000,B500,2021-03-11 00:00:00,,R,EA ,2021-03-11 00:00:00
QR000130,R,2021-02-24 00:00:00,SH00,E81179,1408191813,,,PO2101280102,1,,2326,1.000000,B500,2021-02-24 00:00:00,,R,EA ,2021-02-24 00:00:00
QR000129,R,2021-02-24 00:00:00,SH00,E81179,1408191813,,,PO2101280102,1,,2325,1.000000,B500,2021-02-24 00:00:00,,R,EA ,2021-02-24 00:00:00
QR000128,R,2021-02-24 00:00:00,SH00,E81179,1408191813,,,PO2101280102,1,,2322,1.000000,B500,2021-02-24 00:00:00,,R,EA ,2021-02-24 00:00:00
QR000127,R,2021-02-24 00:00:00,SH00,E81179,1408191813,,,PO2101280102,1,,2319,1.000000,B500,2021-02-24 00:00:00,,R,EA ,2021-02-24 00:00:00
QR000126,R,2021-02-24 00:00:00,SH00,E81179,1408191813,,,PO2101280102,1,,2317,1.000000,B500,2021-02-24 00:00:00,,R,EA ,2021-02-24 00:00:00
QR000125,R,2021-02-24 00:00:00,SH00,E81179,1408191813,,,PO2101280102,1,,2315,1.000000,B500,2021-02-24 00:00:00,,R,EA ,2021-02-24 00:00:00
QR000124,R,2021-02-24 00:00:00,SH00,E81179,1408191813,,,PO2101280102,1,,2311,1.000000,B500,2021-02-24 00:00:00,,R,EA ,2021-02-24 00:00:00
QR000123,R,2021-02-24 00:00:00,SH00,E81179,1408191813,,,PO2101280102,1,,2309,1.000000,B500,2021-02-24 00:00:00,,R,EA ,2021-02-24 00:00:00
QR000122,R,2021-02-24 00:00:00,SH00,E81179,1408191813,,,PO2101280102,1,,2306,1.000000,B500,2021-02-24 00:00:00,,R,EA ,2021-02-24 00:00:00
QR000121,R,2021-02-24 00:00:00,SH00,E81179,1408191813,,,PO2101280102,1,,2302,1.000000,B500,2021-02-24 00:00:00,,R,EA ,2021-02-24 00:00:00
QR000120,R,2021-02-24 00:00:00,SH00,E81179,1408191813,,,PO2101280102,1,,2300,1.000000,B500,2021-02-24 00:00:00,,R,EA ,2021-02-24 00:00:00
QR000119,R,2021-02-24 00:00:00,SH00,E81179,1408191813,,,PO2101280102,1,,2298,1.000000,B500,2021-02-24 00:00:00,,R,EA ,2021-02-24 00:00:00
QR000118,R,2021-02-24 00:00:00,SH00,E81179,1408191813,,,PO2101280102,1,,2297,1.000000,B500,2021-02-24 00:00:00,,R,EA ,2021-02-24 00:00:00
QR000117,R,2021-02-24 00:00:00,SH00,E81179,1408191813,,,PO2101280102,1,,2296,1.000000,B500,2021-02-24 00:00:00,,R,EA ,2021-02-24 00:00:00
QR000116,R,2021-02-24 00:00:00,SH00,E81179,1408191813,,,PO2101280102,1,,2295,1.000000,B500,2021-02-24 00:00:00,,R,EA ,2021-02-24 00:00:00
QR000115,R,2021-02-24 00:00:00,SH00,E81179,1408191813,,,PO2101280102,1,,2294,1.000000,B500,2021-02-24 00:00:00,,R,EA ,2021-02-24 00:00:00
QR000114,R,2021-02-24 00:00:00,SH00,E81179,1408191813,,,PO2101280102,1,,2293,1.000000,B500,2021-02-24 00:00:00,,R,EA ,2021-02-24 00:00:00
QR000113,R,2021-02-24 00:00:00,SH00,E81179,1408191813,,,PO2101280102,1,,2284,1.000000,B500,2021-02-24 00:00:00,,R,EA ,2021-02-24 00:00:00
QR000112,R,2021-02-24 00:00:00,SH00,E81179,1408191813,,,PO2101280102,1,,2273,1.000000,B500,2021-02-24 00:00:00,,R,EA ,2021-02-24 00:00:00
QR000111,R,2021-02-24 00:00:00,SH00,E81179,1408191813,,,PO2101280102,1,,2271,1.000000,B500,2021-02-24 00:00:00,,R,EA ,2021-02-24 00:00:00
QR000110,R,2021-01-27 00:00:00,SH00,K11380WW,1358629724,,,PO2012300264,30,,*,2.000000,C700,2021-01-27 00:00:00,,R,EA ,2021-01-28 00:00:00
QR000109,R,2021-01-27 00:00:00,SH00,J11200WW,1358629724,,,PO2012310012,1,,*,3.000000,C700,2021-01-27 00:00:00,,R,EA ,2021-01-28 00:00:00
QR000108,R,2021-01-27 00:00:00,SH00,W70023,1358645952,,,PO2101130016,3,,*,5.000000,C700,2021-01-27 00:00:00,,R,EA ,2021-01-28 00:00:00
QR000107,R,2021-01-27 00:00:00,SH00,B03157,1358645952,,,PO2101130016,2,,*,2.000000,C700,2021-01-27 00:00:00,,R,EA ,2021-01-28 00:00:00
QR000106,R,2021-01-27 00:00:00,SH00,A51369,1358645952,,,PO2101190021,1,,*,16.000000,C700,2021-01-27 00:00:00,,R,EA ,2021-01-28 00:00:00
QR000105,R,2021-01-27 00:00:00,SH00,G33602,1358645952,,,PO2101070021,3,,*,1.000000,C700,2021-01-27 00:00:00,,R,EA ,2021-01-28 00:00:00
QR000104,R,2021-01-27 00:00:00,SH00,A61626,1358645952,,,PO2101070021,2,,*,2.000000,C700,2021-01-27 00:00:00,,R,EA ,2021-01-28 00:00:00
QR000103,R,2021-01-27 00:00:00,SH00,W70023,1358645952,,,PO2012310009,7,,*,2.000000,C700,2021-01-27 00:00:00,,R,EA ,2021-01-28 00:00:00
QR000102,R,2021-01-27 00:00:00,SH00,W04609,1358645952,,,PO2012310009,4,,*,1.000000,C700,2021-01-27 00:00:00,,R,EA ,2021-01-28 00:00:00
QR000101,R,2021-01-27 00:00:00,SH00,W04603,1358645952,,,PO2012310009,3,,*,1.000000,C700,2021-01-27 00:00:00,,R,EA ,2021-01-28 00:00:00
QR000100,R,2021-01-27 00:00:00,SH00,W01078,1358645952,,,PO2012310009,13,,*,2.000000,C700,2021-01-27 00:00:00,,R,EA ,2021-01-28 00:00:00
QR000099,R,2021-01-27 00:00:00,SH00,W01075,1358645952,,,PO2012310009,14,,*,2.000000,C700,2021-01-27 00:00:00,,R,EA ,2021-01-28 00:00:00
QR000098,R,2021-01-27 00:00:00,SH00,J10140,1358645952,,,PO2012310009,1,,*,1.000000,C700,2021-01-27 00:00:00,,R,EA ,2021-01-28 00:00:00
QR000097,R,2021-01-27 00:00:00,SH00,G33602,1358645952,,,PO2012310009,2,,*,1.000000,C700,2021-01-27 00:00:00,,R,EA ,2021-01-28 00:00:00
QR000096,R,2021-01-27 00:00:00,SH00,E11624,1358645952,,,PO2012310009,9,,*,10.000000,C700,2021-01-27 00:00:00,,R,EA ,2021-01-28 00:00:00
QR000095,R,2021-01-27 00:00:00,SH00,B13228,1358645952,,,PO2012310009,11,,*,1.000000,C700,2021-01-27 00:00:00,,R,EA ,2021-01-28 00:00:00
QR000094,R,2021-01-27 00:00:00,SH00,B10101,1358645952,,,PO2012310009,8,,*,2.000000,C700,2021-01-27 00:00:00,,R,EA ,2021-01-28 00:00:00
QR000093,R,2021-01-27 00:00:00,SH00,A51605,1358645952,,,PO2012310009,5,,*,6.000000,C700,2021-01-27 00:00:00,,R,EA ,2021-01-28 00:00:00
QR000092,R,2021-01-27 00:00:00,SH00,A51369,1358645952,,,PO2012310009,10,,*,4.000000,C700,2021-01-27 00:00:00,,R,EA ,2021-01-28 00:00:00
QR000078,R,2020-11-06 00:00:00,SH00,C11112LL,1138184469,,,4500097763,18,,16333,1.000000,B500,2020-11-06 00:00:00,,R,EA ,2021-01-28 00:00:00
