INSP_REQ_NO,INSP_RESULT_NO,INSP_CLASS_CD,INSP_DT,BP_CD,ITEM_CD,PLANT_CD,LOT_NO,LOT_SIZE,SL_CD,INSP_QTY,DEFECT_QTY,DECISION,INSPECTOR_CD,RMK,SL_CD_FOR_GOOD,SL_CD_FOR_DEFECT,STATUS_FLAG,TRANSFER_FLAG,RELEASE_DT,GOODS_QTY,DEFECTIVES_QTY
QR002362,1,R,2026-05-08 00:00:00,1248667387,ES11100,SA00,*,10.000000,A700,10.000000,0.000000,A,13,,A700,,R,Y,2026-05-08 00:00:00,10.000000,0.000000
QR002361,1,R,2026-05-08 00:00:00,2348802346,S5T3-2178000-01,SA00,*,2.000000,A601,2.000000,0.000000,A,13,,A601,,R,Y,2026-05-08 00:00:00,2.000000,0.000000
QR002360,1,R,2026-05-08 00:00:00,2348802346,6171-55000,SA00,*,2.000000,A601,2.000000,0.000000,A,13,,A601,,R,Y,2026-05-08 00:00:00,2.000000,0.000000
QR002358,1,R,2026-05-07 00:00:00,2298600847,EC08100,SA00,*,11.000000,A503,11.000000,0.000000,A,13,,A503,,R,Y,2026-05-07 00:00:00,11.000000,0.000000
QR002354,1,R,2026-05-07 00:00:00,2298600847,EC04400,SA00,*,2.000000,A601,2.000000,0.000000,A,13,,A601,,R,Y,2026-05-07 00:00:00,2.000000,0.000000
QR002353,1,R,2026-05-07 00:00:00,2298600847,EC04400,SA00,*,2.000000,A601,2.000000,0.000000,A,13,,A601,,R,Y,2026-05-07 00:00:00,2.000000,0.000000
QR002351,1,R,2026-05-06 00:00:00,1348149488,D303221,SA00,*,2.000000,A601,2.000000,0.000000,A,13,,A601,,R,Y,2026-05-06 00:00:00,2.000000,0.000000
QR002350,1,R,2026-05-06 00:00:00,8528601272,6110025-050260D,SA00,*,6.000000,A700,6.000000,0.000000,A,13,,A700,,R,Y,2026-05-06 00:00:00,6.000000,0.000000
QR002349,1,R,2026-05-06 00:00:00,8528601272,6110025-050260D,SA00,*,2.000000,A601,2.000000,0.000000,A,13,,A601,,R,Y,2026-05-06 00:00:00,2.000000,0.000000
QR002348,1,R,2026-05-06 00:00:00,8528601272,6110025-050260D,SA00,*,1.000000,A601,1.000000,0.000000,A,13,,A601,,R,Y,2026-05-06 00:00:00,1.000000,0.000000
QR002347,1,R,2026-05-06 00:00:00,8528601272,6110025-050260D,SA00,*,1.000000,A601,1.000000,0.000000,A,13,,A601,,R,Y,2026-05-06 00:00:00,1.000000,0.000000
QR002346,1,R,2026-05-06 00:00:00,8528601272,6110025-050260D,SA00,*,11.000000,A601,11.000000,0.000000,A,13,,A601,,R,Y,2026-05-06 00:00:00,11.000000,0.000000
QR002298,1,R,2026-04-30 00:00:00,1348149488,D323431,SA00,*,2.000000,A601,2.000000,0.000000,A,13,,A601,,R,Y,2026-04-30 00:00:00,2.000000,0.000000
QR002297,1,R,2026-04-30 00:00:00,1348149488,D8J3-3216000-00,SA00,*,2.000000,A601,2.000000,0.000000,A,13,,A601,,R,Y,2026-04-30 00:00:00,2.000000,0.000000
QR002270,1,R,2026-04-30 00:00:00,1348149488,D703342A,SA00,*,1.000000,A601,1.000000,0.000000,A,13,,A601,,R,Y,2026-04-30 00:00:00,1.000000,0.000000
QR002269,1,R,2026-04-30 00:00:00,1348149488,D703341A,SA00,*,1.000000,A601,1.000000,0.000000,A,13,,A601,,R,Y,2026-04-30 00:00:00,1.000000,0.000000
QR002268,1,F,2026-04-30 00:00:00,,Z5P1-MPFV000-00,SA00,860,1.000000,A100,1.000000,0.000000,A,15,,A100,,R,Y,2026-04-30 00:00:00,1.000000,0.000000
QR002267,1,F,2026-04-30 00:00:00,,Z5P1-MPFV000-00,SA00,859,1.000000,A100,1.000000,0.000000,A,15,,A100,,R,Y,2026-04-30 00:00:00,1.000000,0.000000
QR002266,1,F,2026-04-30 00:00:00,,E1Y1-0000000-00,SA00,337,1.000000,A100,1.000000,0.000000,A,12,,A100,,R,Y,2026-04-30 00:00:00,1.000000,0.000000
QR002265,1,F,2026-04-30 00:00:00,,D120000,SA00,397,1.000000,A100,1.000000,0.000000,A,12,,A100,,R,Y,2026-04-30 00:00:00,1.000000,0.000000
QR002264,1,F,2026-04-30 00:00:00,,D120000,SA00,396,1.000000,A100,1.000000,0.000000,A,12,,A100,,R,Y,2026-04-30 00:00:00,1.000000,0.000000
QR002263,1,F,2026-04-30 00:00:00,,D120000,SA00,395,1.000000,A100,1.000000,0.000000,A,12,,A100,,R,Y,2026-04-30 00:00:00,1.000000,0.000000
QR002259,1,R,2026-04-29 00:00:00,1348149488,D323431,SA00,*,2.000000,A601,2.000000,0.000000,A,13,,A601,,R,Y,2026-04-29 00:00:00,2.000000,0.000000
QR002244,1,R,2026-04-29 00:00:00,1348149488,T1D3-3401500-00,SA00,*,2.000000,A601,2.000000,0.000000,A,13,,A601,,R,Y,2026-04-29 00:00:00,2.000000,0.000000
QR002161,1,R,2026-04-29 00:00:00,1348149488,D703705,SA00,*,1.000000,A601,1.000000,0.000000,A,13,,A601,,R,Y,2026-04-29 00:00:00,1.000000,0.000000
QR002160,1,R,2026-04-29 00:00:00,1348149488,D701317,SA00,*,2.000000,A601,2.000000,0.000000,A,13,,A601,,R,Y,2026-04-29 00:00:00,2.000000,0.000000
QR002159,1,F,2026-04-29 00:00:00,,Z5P1-MPPV000-00,SA00,860,1.000000,A100,1.000000,0.000000,A,15,,A100,,R,Y,2026-04-29 00:00:00,1.000000,0.000000
QR002158,1,F,2026-04-29 00:00:00,,Z5P1-MPPV000-00,SA00,859,1.000000,A100,1.000000,0.000000,A,15,,A100,,R,Y,2026-04-29 00:00:00,1.000000,0.000000
QR002157,1,F,2026-04-29 00:00:00,,Z5P1-MPHV000-00,SA00,858,1.000000,A100,1.000000,0.000000,A,15,,A100,,R,Y,2026-04-29 00:00:00,1.000000,0.000000
QR002156,1,F,2026-04-29 00:00:00,,Z5P1-MPHV000-00,SA00,857,1.000000,A100,1.000000,0.000000,A,15,,A100,,R,Y,2026-04-29 00:00:00,1.000000,0.000000
QR002155,1,F,2026-04-29 00:00:00,,Z5P1-MPHV000-00,SA00,856,1.000000,A100,1.000000,0.000000,A,15,,A100,,R,Y,2026-04-29 00:00:00,1.000000,0.000000
QR002154,1,F,2026-04-28 00:00:00,,WC10000000,SA00,87,1.000000,A100,1.000000,0.000000,A,15,,A100,,R,Y,2026-04-28 00:00:00,1.000000,0.000000
QR002153,1,F,2026-04-28 00:00:00,,WC10000000,SA00,86,1.000000,A100,1.000000,0.000000,A,12,,A100,,R,Y,2026-04-28 00:00:00,1.000000,0.000000
QR002152,1,F,2026-04-28 00:00:00,,WC10000000,SA00,85,1.000000,A100,1.000000,0.000000,A,12,,A100,,R,Y,2026-04-28 00:00:00,1.000000,0.000000
QR002151,1,F,2026-04-28 00:00:00,,WC10000000,SA00,84,1.000000,A100,1.000000,0.000000,A,12,,A100,,R,Y,2026-04-28 00:00:00,1.000000,0.000000
QR002150,1,F,2026-04-28 00:00:00,,WC10000000,SA00,83,1.000000,A100,1.000000,0.000000,A,15,,A100,,R,Y,2026-04-28 00:00:00,1.000000,0.000000
QR002149,1,F,2026-04-28 00:00:00,,WC10000000,SA00,82,1.000000,A100,1.000000,0.000000,A,15,,A100,,R,Y,2026-04-28 00:00:00,1.000000,0.000000
QR002148,1,F,2026-04-28 00:00:00,,WC10000000,SA00,81,1.000000,A100,1.000000,0.000000,A,15,,A100,,R,Y,2026-04-28 00:00:00,1.000000,0.000000
QR002147,1,F,2026-04-28 00:00:00,,WC10000000,SA00,80,1.000000,A100,1.000000,0.000000,A,15,,A100,,R,Y,2026-04-28 00:00:00,1.000000,0.000000
QR002146,1,F,2026-04-28 00:00:00,,WC10000000,SA00,79,1.000000,A100,1.000000,0.000000,A,15,,A100,,R,Y,2026-04-28 00:00:00,1.000000,0.000000
QR002145,1,F,2026-04-28 00:00:00,,WC10000000,SA00,78,1.000000,A100,1.000000,0.000000,A,15,,A100,,R,Y,2026-04-28 00:00:00,1.000000,0.000000
QR002144,1,F,2026-04-28 00:00:00,,WC10000000,SA00,77,1.000000,A100,1.000000,0.000000,A,15,,A100,,R,Y,2026-04-28 00:00:00,1.000000,0.000000
QR002143,1,F,2026-04-28 00:00:00,,WC10000000,SA00,76,1.000000,A100,1.000000,0.000000,A,15,,A100,,R,Y,2026-04-28 00:00:00,1.000000,0.000000
QR002142,1,F,2026-04-28 00:00:00,,WC10000000,SA00,75,1.000000,A100,1.000000,0.000000,A,15,,A100,,R,Y,2026-04-28 00:00:00,1.000000,0.000000
QR002141,1,F,2026-04-28 00:00:00,,WC10000000,SA00,74,1.000000,A100,1.000000,0.000000,A,15,,A100,,R,Y,2026-04-28 00:00:00,1.000000,0.000000
QR002140,1,F,2026-04-28 00:00:00,,WC10000000,SA00,73,1.000000,A100,1.000000,0.000000,A,15,,A100,,R,Y,2026-04-28 00:00:00,1.000000,0.000000
QR002139,1,F,2026-04-28 00:00:00,,WC10000000,SA00,72,1.000000,A100,1.000000,0.000000,A,15,,A100,,R,Y,2026-04-28 00:00:00,1.000000,0.000000
QR002138,1,F,2026-04-28 00:00:00,,WC10000000,SA00,71,1.000000,A100,1.000000,0.000000,A,15,,A100,,R,Y,2026-04-28 00:00:00,1.000000,0.000000
QR002137,1,F,2026-04-28 00:00:00,,WC10000000,SA00,70,1.000000,A100,1.000000,0.000000,A,15,,A100,,R,Y,2026-04-28 00:00:00,1.000000,0.000000
QR002136,1,F,2026-04-28 00:00:00,,WC10000000,SA00,69,1.000000,A100,1.000000,0.000000,A,15,,A100,,R,Y,2026-04-28 00:00:00,1.000000,0.000000
QR002135,1,F,2026-04-28 00:00:00,,WC10000000,SA00,68,1.000000,A100,1.000000,0.000000,A,15,,A100,,R,Y,2026-04-28 00:00:00,1.000000,0.000000
QR002134,1,F,2026-04-28 00:00:00,,WC10000000,SA00,67,1.000000,A100,1.000000,0.000000,A,15,,A100,,R,Y,2026-04-28 00:00:00,1.000000,0.000000
QR002133,1,F,2026-04-28 00:00:00,,WC10000000,SA00,66,1.000000,A100,1.000000,0.000000,A,15,,A100,,R,Y,2026-04-28 00:00:00,1.000000,0.000000
QR002132,1,F,2026-04-28 00:00:00,,WC10000000,SA00,65,1.000000,A100,1.000000,0.000000,A,15,,A100,,R,Y,2026-04-28 00:00:00,1.000000,0.000000
QR002131,1,F,2026-04-28 00:00:00,,WC10000000,SA00,64,1.000000,A100,1.000000,0.000000,A,15,,A100,,R,Y,2026-04-28 00:00:00,1.000000,0.000000
QR002130,1,F,2026-04-28 00:00:00,,WC10000000,SA00,63,1.000000,A100,1.000000,0.000000,A,15,,A100,,R,Y,2026-04-28 00:00:00,1.000000,0.000000
QR002129,1,F,2026-04-28 00:00:00,,WC10000000,SA00,62,1.000000,A100,1.000000,0.000000,A,15,,A100,,R,Y,2026-04-28 00:00:00,1.000000,0.000000
QR002128,1,F,2026-04-28 00:00:00,,WC10000000,SA00,61,1.000000,A100,1.000000,0.000000,A,15,,A100,,R,Y,2026-04-28 00:00:00,1.000000,0.000000
QR002127,1,F,2026-04-28 00:00:00,,WC10000000,SA00,60,1.000000,A100,1.000000,0.000000,A,15,,A100,,R,Y,2026-04-28 00:00:00,1.000000,0.000000
QR002126,1,F,2026-04-28 00:00:00,,WC10000000,SA00,59,1.000000,A100,1.000000,0.000000,A,15,,A100,,R,Y,2026-04-28 00:00:00,1.000000,0.000000
QR002125,1,F,2026-04-28 00:00:00,,WC10000000,SA00,58,1.000000,A100,1.000000,0.000000,A,15,,A100,,R,Y,2026-04-28 00:00:00,1.000000,0.000000
QR002124,1,F,2026-04-28 00:00:00,,WC10000000,SA00,57,1.000000,A100,1.000000,0.000000,A,15,,A100,,R,Y,2026-04-28 00:00:00,1.000000,0.000000
QR002123,1,F,2026-04-28 00:00:00,,WC10000000,SA00,56,1.000000,A100,1.000000,0.000000,A,15,,A100,,R,Y,2026-04-28 00:00:00,1.000000,0.000000
QR002122,1,F,2026-04-28 00:00:00,,WC10000000,SA00,55,1.000000,A100,1.000000,0.000000,A,15,,A100,,R,Y,2026-04-28 00:00:00,1.000000,0.000000
QR002121,1,F,2026-04-28 00:00:00,,WC10000000,SA00,54,1.000000,A100,1.000000,0.000000,A,15,,A100,,R,Y,2026-04-28 00:00:00,1.000000,0.000000
QR002120,1,F,2026-04-28 00:00:00,,WC10000000,SA00,53,1.000000,A100,1.000000,0.000000,A,15,,A100,,R,Y,2026-04-28 00:00:00,1.000000,0.000000
QR002119,1,F,2026-04-28 00:00:00,,WC10000000,SA00,52,1.000000,A100,1.000000,0.000000,A,15,,A100,,R,Y,2026-04-28 00:00:00,1.000000,0.000000
QR002118,1,F,2026-04-28 00:00:00,,WC10000000,SA00,51,1.000000,A100,1.000000,0.000000,A,15,,A100,,R,Y,2026-04-28 00:00:00,1.000000,0.000000
QR002117,1,F,2026-04-28 00:00:00,,WC10000000,SA00,50,1.000000,A100,1.000000,0.000000,A,15,,A100,,R,Y,2026-04-28 00:00:00,1.000000,0.000000
QR002116,1,F,2026-04-28 00:00:00,,WC10000000,SA00,49,1.000000,A100,1.000000,0.000000,A,15,,A100,,R,Y,2026-04-28 00:00:00,1.000000,0.000000
QR002115,1,F,2026-04-28 00:00:00,,WC10000000,SA00,48,1.000000,A100,1.000000,0.000000,A,15,,A100,,R,Y,2026-04-28 00:00:00,1.000000,0.000000
QR002114,1,F,2026-04-28 00:00:00,,WC10000000,SA00,47,1.000000,A100,1.000000,0.000000,A,15,,A100,,R,Y,2026-04-28 00:00:00,1.000000,0.000000
QR002113,1,F,2026-04-28 00:00:00,,WC10000000,SA00,46,1.000000,A100,1.000000,0.000000,A,15,,A100,,R,Y,2026-04-28 00:00:00,1.000000,0.000000
QR002112,1,F,2026-04-28 00:00:00,,WC10000000,SA00,45,1.000000,A100,1.000000,0.000000,A,15,,A100,,R,Y,2026-04-28 00:00:00,1.000000,0.000000
QR002111,1,F,2026-04-28 00:00:00,,WC10000000,SA00,44,1.000000,A100,1.000000,0.000000,A,15,,A100,,R,Y,2026-04-28 00:00:00,1.000000,0.000000
QR002110,1,F,2026-04-28 00:00:00,,WC10000000,SA00,43,1.000000,A100,1.000000,0.000000,A,15,,A100,,R,Y,2026-04-28 00:00:00,1.000000,0.000000
QR002109,1,F,2026-04-28 00:00:00,,WC10000000,SA00,42,1.000000,A100,1.000000,0.000000,A,15,,A100,,R,Y,2026-04-28 00:00:00,1.000000,0.000000
QR002108,1,F,2026-04-28 00:00:00,,WC10000000,SA00,41,1.000000,A100,1.000000,0.000000,A,15,,A100,,R,Y,2026-04-28 00:00:00,1.000000,0.000000
QR002107,1,F,2026-04-28 00:00:00,,WC10000000,SA00,40,1.000000,A100,1.000000,0.000000,A,15,,A100,,R,Y,2026-04-28 00:00:00,1.000000,0.000000
QR002106,1,F,2026-04-28 00:00:00,,WC10000000,SA00,39,1.000000,A100,1.000000,0.000000,A,15,,A100,,R,Y,2026-04-28 00:00:00,1.000000,0.000000
QR002105,1,F,2026-04-28 00:00:00,,WC10000000,SA00,38,1.000000,A100,1.000000,0.000000,A,15,,A100,,R,Y,2026-04-28 00:00:00,1.000000,0.000000
QR002104,1,F,2026-04-28 00:00:00,,WC10000000,SA00,37,1.000000,A100,1.000000,0.000000,A,15,,A100,,R,Y,2026-04-28 00:00:00,1.000000,0.000000
QR002103,1,F,2026-04-28 00:00:00,,WC10000000,SA00,36,1.000000,A100,1.000000,0.000000,A,15,,A100,,R,Y,2026-04-28 00:00:00,1.000000,0.000000
QR002102,1,F,2026-04-28 00:00:00,,WC10000000,SA00,35,1.000000,A100,1.000000,0.000000,A,15,,A100,,R,Y,2026-04-28 00:00:00,1.000000,0.000000
QR002101,1,F,2026-04-28 00:00:00,,WC10000000,SA00,34,1.000000,A100,1.000000,0.000000,A,15,,A100,,R,Y,2026-04-28 00:00:00,1.000000,0.000000
QR002100,1,F,2026-04-28 00:00:00,,WC10000000,SA00,33,1.000000,A100,1.000000,0.000000,A,15,,A100,,R,Y,2026-04-28 00:00:00,1.000000,0.000000
QR002098,1,R,2026-04-28 00:00:00,1348149488,D8C1-2008000-06,SA00,*,2.000000,A601,2.000000,0.000000,A,13,,A601,,R,Y,2026-04-28 00:00:00,2.000000,0.000000
QR002090,1,R,2026-04-28 00:00:00,3128180264,D263305A,SA00,*,1.000000,A700,1.000000,0.000000,A,13,,A700,,R,Y,2026-04-28 00:00:00,1.000000,0.000000
QR002089,1,F,2026-04-28 00:00:00,,T1D1-0000000-00,SA00,392,1.000000,A100,1.000000,0.000000,A,12,,A100,,R,Y,2026-04-28 00:00:00,1.000000,0.000000
QR002088,1,F,2026-04-28 00:00:00,,E1D1-0000000-00,SA00,340,1.000000,A100,1.000000,0.000000,A,12,,A100,,R,Y,2026-04-28 00:00:00,1.000000,0.000000
QR002087,1,F,2026-04-28 00:00:00,,E1D1-0000000-00,SA00,339,1.000000,A100,1.000000,0.000000,A,12,,A100,,R,Y,2026-04-28 00:00:00,1.000000,0.000000
QR002086,1,F,2026-04-28 00:00:00,,E1D1-0000000-00,SA00,338,1.000000,A100,1.000000,0.000000,A,12,,A100,,R,Y,2026-04-28 00:00:00,1.000000,0.000000
QR002085,1,F,2026-04-28 00:00:00,,E1D1-0000000-00,SA00,337,1.000000,A100,1.000000,0.000000,A,12,,A100,,R,Y,2026-04-28 00:00:00,1.000000,0.000000
QR002084,1,F,2026-04-28 00:00:00,,J8B1-0000000-00,SA00,397,1.000000,A100,1.000000,0.000000,A,12,,A100,,R,Y,2026-04-28 00:00:00,1.000000,0.000000
QR002083,1,F,2026-04-28 00:00:00,,J8B1-0000000-00,SA00,396,1.000000,A100,1.000000,0.000000,A,12,,A100,,R,Y,2026-04-28 00:00:00,1.000000,0.000000
QR002082,1,F,2026-04-28 00:00:00,,J8B1-0000000-00,SA00,395,1.000000,A100,1.000000,0.000000,A,12,,A100,,R,Y,2026-04-28 00:00:00,1.000000,0.000000
QR002079,1,F,2026-04-28 00:00:00,,J8B1-0000000-00,SA00,400,1.000000,A100,1.000000,0.000000,A,12,,A100,,R,Y,2026-04-28 00:00:00,1.000000,0.000000
QR002078,1,F,2026-04-28 00:00:00,,D490000,SA00,84,1.000000,A100,1.000000,0.000000,A,12,,A100,,R,Y,2026-04-28 00:00:00,1.000000,0.000000
QR002027,1,R,2026-04-27 00:00:00,1408131509,K025410D,SA00,*,2.000000,A601,2.000000,0.000000,A,13,,A601,,R,Y,2026-04-27 00:00:00,2.000000,0.000000
QR002026,1,R,2026-04-27 00:00:00,1408131509,K025254A,SA00,*,4.000000,A601,4.000000,0.000000,A,13,,A601,,R,Y,2026-04-27 00:00:00,4.000000,0.000000
QR002021,1,R,2026-04-27 00:00:00,1348645361,DF01610A,SA00,*,10.000000,A700,10.000000,0.000000,A,13,,A700,,R,Y,2026-04-27 00:00:00,10.000000,0.000000
QR002020,1,R,2026-04-27 00:00:00,1348645361,DF01510,SA00,*,10.000000,A700,10.000000,0.000000,A,13,,A700,,R,Y,2026-04-27 00:00:00,10.000000,0.000000
QR002019,1,R,2026-04-27 00:00:00,1348645361,DF00200,SA00,*,10.000000,A700,10.000000,0.000000,A,13,,A700,,R,Y,2026-04-27 00:00:00,10.000000,0.000000
QR002018,1,R,2026-04-27 00:00:00,1348645361,DF02910,SA00,*,1.000000,A700,1.000000,0.000000,A,13,,A700,,R,Y,2026-04-27 00:00:00,1.000000,0.000000
QR002017,1,R,2026-04-27 00:00:00,1348645361,DF02910,SA00,*,1.000000,A700,1.000000,0.000000,A,13,,A700,,R,Y,2026-04-27 00:00:00,1.000000,0.000000
QR002016,1,R,2026-04-27 00:00:00,2298600847,ES05200,SA00,*,7.000000,A601,7.000000,0.000000,A,13,,A601,,R,Y,2026-04-27 00:00:00,7.000000,0.000000
QR002015,1,R,2026-04-27 00:00:00,2298600847,EC08000,SA00,*,6.000000,A601,6.000000,0.000000,A,13,,A601,,R,Y,2026-04-27 00:00:00,6.000000,0.000000
QR002014,1,R,2026-04-14 00:00:00,1348149488,D323431,SA00,*,1.000000,A700,1.000000,0.000000,A,13,,A700,,R,Y,2026-04-14 00:00:00,1.000000,0.000000
QR002011,1,R,2026-04-24 00:00:00,9010100214,ES06800,SA00,*,11.000000,A601,11.000000,0.000000,A,13,,A601,,R,Y,2026-04-24 00:00:00,11.000000,0.000000
QR002010,1,R,2026-04-24 00:00:00,9010100214,ES06800,SA00,*,9.000000,A601,9.000000,0.000000,A,13,,A601,,R,Y,2026-04-24 00:00:00,9.000000,0.000000
QR001934,1,R,2026-04-23 00:00:00,1348149488,D8J3-3216000-00,SA00,*,2.000000,A601,2.000000,0.000000,A,13,,A601,,R,Y,2026-04-23 00:00:00,2.000000,0.000000
QR001931,1,R,2026-04-22 00:00:00,1348149488,D323431,SA00,*,2.000000,A601,2.000000,0.000000,A,13,,A601,,R,Y,2026-04-22 00:00:00,2.000000,0.000000
QR001911,1,R,2026-04-22 00:00:00,3320703029,K136177,SA00,*,2.000000,A601,2.000000,0.000000,A,13,,A601,,R,Y,2026-04-22 00:00:00,2.000000,0.000000
QR001899,1,R,2026-04-21 00:00:00,1348645361,DF00820A,SA00,*,10.000000,A700,10.000000,0.000000,A,13,,A700,,R,Y,2026-04-21 00:00:00,10.000000,0.000000
QR001898,1,R,2026-04-21 00:00:00,1348645361,DF01304,SA00,*,10.000000,A700,10.000000,0.000000,A,13,,A700,,R,Y,2026-04-21 00:00:00,10.000000,0.000000
QR001897,1,R,2026-04-21 00:00:00,1348645361,DF04900,SA00,*,10.000000,A700,10.000000,0.000000,A,13,,A700,,R,Y,2026-04-21 00:00:00,10.000000,0.000000
QR001896,1,R,2026-04-21 00:00:00,1348645361,DF04510,SA00,*,10.000000,A700,10.000000,0.000000,A,13,,A700,,R,Y,2026-04-21 00:00:00,10.000000,0.000000
QR001895,1,R,2026-04-21 00:00:00,1348645361,DF01610,SA00,*,10.000000,A700,10.000000,0.000000,A,13,,A700,,R,Y,2026-04-21 00:00:00,10.000000,0.000000
QR001894,1,R,2026-04-21 00:00:00,1348645361,DF01410,SA00,*,10.000000,A700,10.000000,0.000000,A,13,,A700,,R,Y,2026-04-21 00:00:00,10.000000,0.000000
QR001893,1,R,2026-04-21 00:00:00,1348645361,DF01100,SA00,*,5.000000,A700,5.000000,0.000000,A,13,,A700,,R,Y,2026-04-21 00:00:00,5.000000,0.000000
QR001892,1,R,2026-04-21 00:00:00,1348645361,DF00180,SA00,*,5.000000,A700,5.000000,0.000000,A,13,,A700,,R,Y,2026-04-21 00:00:00,5.000000,0.000000
QR001891,1,R,2026-04-21 00:00:00,1348645361,DF08200,SA00,*,5.000000,A700,5.000000,0.000000,A,13,,A700,,R,Y,2026-04-21 00:00:00,5.000000,0.000000
QR001890,1,R,2026-04-21 00:00:00,1348645361,DF01710,SA00,*,10.000000,A700,10.000000,0.000000,A,13,,A700,,R,Y,2026-04-21 00:00:00,10.000000,0.000000
QR001889,1,R,2026-04-21 00:00:00,1348645361,DF00180,SA00,*,12.000000,A700,12.000000,0.000000,A,13,,A700,,R,Y,2026-04-21 00:00:00,12.000000,0.000000
QR001888,1,R,2026-04-21 00:00:00,1348645361,DF00180,SA00,*,5.000000,A700,5.000000,0.000000,A,13,,A700,,R,Y,2026-04-21 00:00:00,5.000000,0.000000
QR001887,1,R,2026-04-21 00:00:00,1348645361,DF00880A,SA00,*,15.000000,A700,15.000000,0.000000,A,13,,A700,,R,Y,2026-04-21 00:00:00,15.000000,0.000000
QR001886,1,R,2026-04-21 00:00:00,1348645361,DF00100,SA00,*,10.000000,A700,10.000000,0.000000,A,13,,A700,,R,Y,2026-04-21 00:00:00,10.000000,0.000000
QR001883,1,R,2026-04-21 00:00:00,1098145190,M021-14100,SA00,*,1.000000,A700,1.000000,0.000000,A,13,,A700,,R,Y,2026-04-21 00:00:00,1.000000,0.000000
QR001879,1,R,2026-04-20 00:00:00,5148177647,D0031065-V5,SA00,*,10.000000,A700,10.000000,0.000000,A,13,,A700,,R,Y,2026-04-20 00:00:00,10.000000,0.000000
QR001873,1,R,2026-04-17 00:00:00,2298600847,EC04400,SA00,*,1.000000,A700,1.000000,0.000000,A,13,,A700,,R,Y,2026-04-17 00:00:00,1.000000,0.000000
QR001859,1,R,2026-04-17 00:00:00,1348149488,T1S3-2501000-01,SA00,*,8.000000,A601,8.000000,0.000000,A,13,,A601,,R,Y,2026-04-17 00:00:00,8.000000,0.000000
QR001855,1,R,2026-04-16 00:00:00,3320703029,Z2P3-1302000-06,SA00,*,10.000000,A700,10.000000,0.000000,A,13,,A700,,R,Y,2026-04-16 00:00:00,10.000000,0.000000
QR001854,1,R,2026-04-16 00:00:00,2298600847,EC04400,SA00,*,1.000000,A601,1.000000,0.000000,A,13,,A601,,R,Y,2026-04-16 00:00:00,1.000000,0.000000
QR001851,1,R,2026-04-16 00:00:00,2298600847,EC04400,SA00,*,2.000000,A601,2.000000,0.000000,A,13,,A601,,R,Y,2026-04-16 00:00:00,2.000000,0.000000
QR001848,1,R,2026-04-16 00:00:00,2298600847,EC04400,SA00,*,2.000000,A601,2.000000,0.000000,A,13,,A601,,R,Y,2026-04-16 00:00:00,2.000000,0.000000
QR001846,1,R,2026-04-16 00:00:00,1348149488,Z2P3-2738000-12,SA00,*,2.000000,A601,2.000000,0.000000,A,13,,A601,,R,Y,2026-04-16 00:00:00,2.000000,0.000000
QR001841,1,R,2026-04-16 00:00:00,1348149488,D4B3-3221000-01,SA00,*,4.000000,A601,4.000000,0.000000,A,13,,A601,,R,Y,2026-04-16 00:00:00,4.000000,0.000000
QR001840,1,R,2026-04-16 00:00:00,1348149488,D323431,SA00,*,2.000000,A601,2.000000,0.000000,A,13,,A601,,R,Y,2026-04-16 00:00:00,2.000000,0.000000
QR001839,1,R,2026-04-16 00:00:00,2348802346,6400007-2400010,SA00,*,4.000000,A601,4.000000,0.000000,A,13,,A601,,R,Y,2026-04-16 00:00:00,4.000000,0.000000
QR001838,1,R,2026-04-16 00:00:00,2348802346,6171-55000,SA00,*,1.000000,A601,1.000000,0.000000,A,13,,A601,,R,Y,2026-04-16 00:00:00,1.000000,0.000000
QR001835,1,R,2026-04-15 00:00:00,4918102052,A712603A,SA00,*,1.000000,A601,1.000000,0.000000,A,13,,A601,,R,Y,2026-04-15 00:00:00,1.000000,0.000000
QR001834,1,R,2026-04-15 00:00:00,4918102052,A712602,SA00,*,1.000000,A601,1.000000,0.000000,A,13,,A601,,R,Y,2026-04-15 00:00:00,1.000000,0.000000
QR001831,1,R,2026-04-15 00:00:00,3320703029,D2B1-3800000-03,SA00,*,2.000000,A700,2.000000,0.000000,A,13,,A700,,R,Y,2026-04-15 00:00:00,2.000000,0.000000
QR001830,1,R,2026-04-14 00:00:00,1378127519,T4N2-2316000-04,SA00,*,4.000000,A601,4.000000,0.000000,A,13,,A601,,R,Y,2026-04-14 00:00:00,4.000000,0.000000
QR001829,1,R,2026-04-14 00:00:00,1378127519,T4S1-3101000-13,SA00,*,2.000000,A601,2.000000,0.000000,A,13,,A601,,R,Y,2026-04-14 00:00:00,2.000000,0.000000
QR001774,1,R,2026-04-14 00:00:00,1348149488,D8J3-3216000-00,SA00,*,4.000000,A601,4.000000,0.000000,A,13,,A601,,R,Y,2026-04-14 00:00:00,4.000000,0.000000
QR001773,1,R,2026-04-13 00:00:00,2298600847,EC08100,SA00,*,2.000000,A601,2.000000,0.000000,A,13,,A601,,R,Y,2026-04-13 00:00:00,2.000000,0.000000
QR001772,1,R,2026-04-13 00:00:00,2298600847,EC08100,SA00,*,6.000000,A601,6.000000,0.000000,A,13,,A601,,R,Y,2026-04-13 00:00:00,6.000000,0.000000
QR001771,1,R,2026-04-13 00:00:00,2298600847,EC08100,SA00,*,2.000000,A601,2.000000,0.000000,A,13,,A601,,R,Y,2026-04-13 00:00:00,2.000000,0.000000
QR001770,1,R,2026-04-13 00:00:00,2298600847,EC08100,SA00,*,2.000000,A601,2.000000,0.000000,A,13,,A601,,R,Y,2026-04-13 00:00:00,2.000000,0.000000
QR001769,1,R,2026-04-09 00:00:00,1378127519,T4S1-3101000-13,SA00,*,2.000000,A601,2.000000,0.000000,A,13,,A601,,R,Y,2026-04-09 00:00:00,2.000000,0.000000
QR001756,1,R,2026-04-09 00:00:00,3320703029,D705331,SA00,*,1.000000,A601,1.000000,0.000000,A,13,,A601,,R,Y,2026-04-09 00:00:00,1.000000,0.000000
QR001755,1,R,2026-04-09 00:00:00,3320703029,D705330,SA00,*,1.000000,A601,1.000000,0.000000,A,13,,A601,,R,Y,2026-04-09 00:00:00,1.000000,0.000000
QR001744,1,R,2026-04-09 00:00:00,1408131509,D531122,SA00,*,1.000000,A601,1.000000,0.000000,A,13,,A601,,R,Y,2026-04-09 00:00:00,1.000000,0.000000
QR001743,1,R,2026-04-09 00:00:00,1378127519,T4N2-2316000-04,SA00,*,4.000000,A601,4.000000,0.000000,A,13,,A601,,R,Y,2026-04-09 00:00:00,4.000000,0.000000
QR001742,1,R,2026-04-09 00:00:00,1378127519,T4S1-3101000-13,SA00,*,2.000000,A601,2.000000,0.000000,A,13,,A601,,R,Y,2026-04-09 00:00:00,2.000000,0.000000
QR001618,1,R,2026-04-09 00:00:00,1348149488,D703705,SA00,*,1.000000,A601,1.000000,0.000000,A,13,,A601,,R,Y,2026-04-09 00:00:00,1.000000,0.000000
QR001617,1,R,2026-04-09 00:00:00,1348149488,D703341A,SA00,*,1.000000,A601,1.000000,0.000000,A,13,,A601,,R,Y,2026-04-09 00:00:00,1.000000,0.000000
QR001616,1,R,2026-04-09 00:00:00,1348149488,D703342A,SA00,*,1.000000,A601,1.000000,0.000000,A,13,,A601,,R,Y,2026-04-09 00:00:00,1.000000,0.000000
QR001615,1,R,2026-04-09 00:00:00,1348149488,D701317,SA00,*,2.000000,A601,2.000000,0.000000,A,13,,A601,,R,Y,2026-04-09 00:00:00,2.000000,0.000000
QR001614,1,R,2026-04-08 00:00:00,1378115105,D8B3-3112000-01,SA00,*,4.000000,A700,4.000000,0.000000,A,13,,A700,,R,Y,2026-04-08 00:00:00,4.000000,0.000000
QR001612,1,R,2026-04-07 00:00:00,2298600847,EC08200,SA00,*,4.000000,A601,4.000000,0.000000,A,13,,A601,,R,Y,2026-04-07 00:00:00,4.000000,0.000000
QR001601,1,R,2026-04-06 00:00:00,2298600847,ES05200,SA00,*,4.000000,A601,4.000000,0.000000,A,13,,A601,,R,Y,2026-04-06 00:00:00,4.000000,0.000000
QR001600,1,R,2026-04-06 00:00:00,2088702433,D705302E,SA00,*,1.000000,A601,1.000000,0.000000,A,13,,A601,,R,Y,2026-04-06 00:00:00,1.000000,0.000000
QR001592,1,R,2026-04-06 00:00:00,2088702433,D705703,SA00,*,1.000000,A601,1.000000,0.000000,A,13,,A601,,R,Y,2026-04-06 00:00:00,1.000000,0.000000
QR001591,1,R,2026-04-06 00:00:00,2088702433,D703202F,SA00,*,1.000000,A601,1.000000,0.000000,A,13,,A601,,R,Y,2026-04-06 00:00:00,1.000000,0.000000
QR001590,1,R,2026-04-06 00:00:00,2088702433,D705303C,SA00,*,1.000000,A601,1.000000,0.000000,A,13,,A601,,R,Y,2026-04-06 00:00:00,1.000000,0.000000
QR001589,1,R,2026-04-06 00:00:00,2088702433,D705139,SA00,*,1.000000,A601,1.000000,0.000000,A,13,,A601,,R,Y,2026-04-06 00:00:00,1.000000,0.000000
QR001588,1,R,2026-04-06 00:00:00,2088702433,D704550,SA00,*,1.000000,A601,1.000000,0.000000,A,13,,A601,,R,Y,2026-04-06 00:00:00,1.000000,0.000000
QR001587,1,R,2026-04-06 00:00:00,2088702433,D703336D,SA00,*,1.000000,A601,1.000000,0.000000,A,13,,A601,,R,Y,2026-04-06 00:00:00,1.000000,0.000000
QR001586,1,R,2026-04-06 00:00:00,2088702433,D701612,SA00,*,1.000000,A601,1.000000,0.000000,A,13,,A601,,R,Y,2026-04-06 00:00:00,1.000000,0.000000
QR001585,1,R,2026-04-06 00:00:00,2088702433,D701105A,SA00,*,1.000000,A601,1.000000,0.000000,A,13,,A601,,R,Y,2026-04-06 00:00:00,1.000000,0.000000
QR001583,1,R,2026-04-02 00:00:00,1378127519,T4S1-3101000-13,SA00,*,2.000000,A601,2.000000,0.000000,A,13,,A601,,R,Y,2026-04-02 00:00:00,2.000000,0.000000
QR001524,1,R,2026-04-01 00:00:00,1348149488,D8J3-3216000-00,SA00,*,4.000000,A601,4.000000,0.000000,A,13,,A601,,R,Y,2026-04-01 00:00:00,4.000000,0.000000
QR001523,1,R,2026-04-01 00:00:00,1348149488,D323431,SA00,*,4.000000,A601,4.000000,0.000000,A,13,,A601,,R,Y,2026-04-01 00:00:00,4.000000,0.000000
QR001522,1,R,2026-04-01 00:00:00,1348149488,D303221,SA00,*,4.000000,A601,4.000000,0.000000,A,13,,A601,,R,Y,2026-04-01 00:00:00,4.000000,0.000000
QR001520,1,R,2026-04-01 00:00:00,5148177647,D0031065-V5,SA00,*,10.000000,A700,10.000000,0.000000,A,13,,A700,,R,Y,2026-04-01 00:00:00,10.000000,0.000000
QR001519,1,R,2026-04-01 00:00:00,1138150315,6400005-1000110,SA00,*,6.000000,A601,6.000000,0.000000,A,13,,A601,,R,Y,2026-04-01 00:00:00,6.000000,0.000000
QR001518,1,F,2026-03-31 00:00:00,,T1D1-0000000-00,SA00,389,1.000000,A402,1.000000,0.000000,A,12,,A402,,R,Y,2026-03-31 00:00:00,1.000000,0.000000
QR001517,1,F,2026-03-31 00:00:00,,J8B1-0000000-00,SA00,398,1.000000,A402,1.000000,0.000000,A,12,,A402,,R,Y,2026-03-31 00:00:00,1.000000,0.000000
QR001516,1,F,2026-03-31 00:00:00,,D020000,SA00,336,1.000000,A100,1.000000,0.000000,A,12,,A100,,R,Y,2026-03-31 00:00:00,1.000000,0.000000
QR001514,1,F,2026-03-31 00:00:00,,A820000,SA00,2,1.000000,A100,1.000000,0.000000,A,15,,A100,,R,Y,2026-03-31 00:00:00,1.000000,0.000000
QR001513,1,F,2026-03-31 00:00:00,,A820000,SA00,1,1.000000,A100,1.000000,0.000000,A,15,,A100,,R,Y,2026-03-31 00:00:00,1.000000,0.000000
QR001511,1,F,2026-03-31 00:00:00,,D580000,SA00,102,1.000000,A100,1.000000,0.000000,A,12,,A100,,R,Y,2026-03-31 00:00:00,1.000000,0.000000
QR001510,1,F,2026-03-31 00:00:00,,D580000,SA00,101,1.000000,A100,1.000000,0.000000,A,12,,A100,,R,Y,2026-03-31 00:00:00,1.000000,0.000000
QR001509,1,F,2026-03-31 00:00:00,,D480000,SA00,27,1.000000,A100,1.000000,0.000000,A,12,,A100,,R,Y,2026-03-31 00:00:00,1.000000,0.000000
QR001508,1,F,2026-03-31 00:00:00,,D700000,SA00,29,1.000000,A100,1.000000,0.000000,A,12,,A100,,R,Y,2026-03-31 00:00:00,1.000000,0.000000
QR001507,1,F,2026-03-31 00:00:00,,D580000,SA00,103,1.000000,A100,1.000000,0.000000,A,12,,A100,,R,Y,2026-03-31 00:00:00,1.000000,0.000000
QR001506,1,F,2026-03-31 00:00:00,,D040000,SA00,206,1.000000,A100,1.000000,0.000000,A,12,,A100,,R,Y,2026-03-31 00:00:00,1.000000,0.000000
QR001505,1,F,2026-03-31 00:00:00,,D490000,SA00,84,1.000000,A100,1.000000,0.000000,A,12,,A100,,R,Y,2026-03-31 00:00:00,1.000000,0.000000
QR001504,1,F,2026-03-31 00:00:00,,D490000,SA00,83,1.000000,A100,1.000000,0.000000,A,12,,A100,,R,Y,2026-03-31 00:00:00,1.000000,0.000000
QR001494,1,R,2026-03-30 00:00:00,1348149488,T1D3-3401500-00,SA00,*,4.000000,A601,4.000000,0.000000,A,13,,A601,,R,Y,2026-03-30 00:00:00,4.000000,0.000000
QR001491,1,R,2026-03-30 00:00:00,1348149488,D8C1-2008000-06,SA00,*,2.000000,A601,2.000000,0.000000,A,13,,A601,,R,Y,2026-03-30 00:00:00,2.000000,0.000000
QR001490,1,R,2026-03-30 00:00:00,1348149488,D8C1-2008000-06,SA00,*,2.000000,A601,2.000000,0.000000,A,13,,A601,,R,Y,2026-03-30 00:00:00,2.000000,0.000000
QR001489,1,R,2026-03-30 00:00:00,1348149488,D8C1-2008000-06,SA00,*,4.000000,A601,4.000000,0.000000,A,13,,A601,,R,Y,2026-03-30 00:00:00,4.000000,0.000000
QR001481,1,R,2026-03-30 00:00:00,1348645361,DJ04500,SA00,*,2.000000,A700,2.000000,0.000000,A,13,,A700,,R,Y,2026-03-30 00:00:00,2.000000,0.000000
QR001480,1,R,2026-03-30 00:00:00,1348645361,DF01100,SA00,*,5.000000,A700,5.000000,0.000000,A,13,,A700,,R,Y,2026-03-30 00:00:00,5.000000,0.000000
QR001479,1,R,2026-03-30 00:00:00,1348645361,DF02000,SA00,*,5.000000,A700,5.000000,0.000000,A,13,,A700,,R,Y,2026-03-30 00:00:00,5.000000,0.000000
QR001478,1,R,2026-03-30 00:00:00,1348645361,DF01200,SA00,*,10.000000,A700,10.000000,0.000000,A,13,,A700,,R,Y,2026-03-30 00:00:00,10.000000,0.000000
QR001477,1,R,2026-03-30 00:00:00,1348645361,DF00700C,SA00,*,20.000000,A700,20.000000,0.000000,A,13,,A700,,R,Y,2026-03-30 00:00:00,20.000000,0.000000
QR001476,1,R,2026-03-30 00:00:00,1348645361,DF04900,SA00,*,10.000000,A700,10.000000,0.000000,A,13,,A700,,R,Y,2026-03-30 00:00:00,10.000000,0.000000
QR001475,1,R,2026-03-30 00:00:00,1348645361,DF04510,SA00,*,10.000000,A700,10.000000,0.000000,A,13,,A700,,R,Y,2026-03-30 00:00:00,10.000000,0.000000
QR001474,1,R,2026-03-30 00:00:00,1348645361,DF34002,SA00,*,5.000000,A700,5.000000,0.000000,A,13,,A700,,R,Y,2026-03-30 00:00:00,5.000000,0.000000
QR001473,1,R,2026-03-30 00:00:00,1348645361,DF02000,SA00,*,3.000000,A700,3.000000,0.000000,A,13,,A700,,R,Y,2026-03-30 00:00:00,3.000000,0.000000
QR001472,1,R,2026-03-30 00:00:00,1348645361,DF00500,SA00,*,5.000000,A700,5.000000,0.000000,A,13,,A700,,R,Y,2026-03-30 00:00:00,5.000000,0.000000
QR001469,1,R,2026-03-27 00:00:00,1098145190,M021-14100,SA00,*,1.000000,A700,1.000000,0.000000,A,13,,A700,,R,Y,2026-03-27 00:00:00,1.000000,0.000000
QR001462,1,R,2026-03-26 00:00:00,2088702433,D705703,SA00,*,1.000000,A601,1.000000,0.000000,A,13,,A601,,R,Y,2026-03-26 00:00:00,1.000000,0.000000
QR001461,1,R,2026-03-26 00:00:00,2088702433,D705303C,SA00,*,1.000000,A601,1.000000,0.000000,A,13,,A601,,R,Y,2026-03-26 00:00:00,1.000000,0.000000
QR001460,1,R,2026-03-26 00:00:00,2088702433,D705302E,SA00,*,1.000000,A601,1.000000,0.000000,A,13,,A601,,R,Y,2026-03-26 00:00:00,1.000000,0.000000
QR001459,1,R,2026-03-26 00:00:00,2088702433,D705139,SA00,*,1.000000,A601,1.000000,0.000000,A,13,,A601,,R,Y,2026-03-26 00:00:00,1.000000,0.000000
QR001458,1,R,2026-03-26 00:00:00,2088702433,D704551A,SA00,*,1.000000,A601,1.000000,0.000000,A,13,,A601,,R,Y,2026-03-26 00:00:00,1.000000,0.000000
QR001457,1,R,2026-03-26 00:00:00,2088702433,D704550,SA00,*,1.000000,A601,1.000000,0.000000,A,13,,A601,,R,Y,2026-03-26 00:00:00,1.000000,0.000000
QR001456,1,R,2026-03-26 00:00:00,2088702433,D703202F,SA00,*,1.000000,A601,1.000000,0.000000,A,13,,A601,,R,Y,2026-03-26 00:00:00,1.000000,0.000000
QR001455,1,R,2026-03-26 00:00:00,2088702433,D701612,SA00,*,1.000000,A601,1.000000,0.000000,A,13,,A601,,R,Y,2026-03-26 00:00:00,1.000000,0.000000
QR001454,1,R,2026-03-26 00:00:00,2088702433,D703336D,SA00,*,1.000000,A601,1.000000,0.000000,A,13,,A601,,R,Y,2026-03-26 00:00:00,1.000000,0.000000
QR001453,1,R,2026-03-26 00:00:00,2088702433,D701105A,SA00,*,1.000000,A601,1.000000,0.000000,A,13,,A601,,R,Y,2026-03-26 00:00:00,1.000000,0.000000
QR001450,1,R,2026-03-25 00:00:00,1348645361,DF05010,SA00,*,10.000000,A700,10.000000,0.000000,A,13,,A700,,R,Y,2026-03-25 00:00:00,10.000000,0.000000
QR001449,1,R,2026-03-25 00:00:00,1348645361,DF00200,SA00,*,9.000000,A700,9.000000,0.000000,A,13,,A700,,R,Y,2026-03-25 00:00:00,9.000000,0.000000
QR001448,1,R,2026-03-25 00:00:00,1348645361,DF00300,SA00,*,10.000000,A700,10.000000,0.000000,A,13,,A700,,R,Y,2026-03-25 00:00:00,10.000000,0.000000
QR001447,1,R,2026-03-25 00:00:00,1348645361,DF00600A,SA00,*,3.000000,A700,3.000000,0.000000,A,13,,A700,,R,Y,2026-03-25 00:00:00,3.000000,0.000000
QR001446,1,R,2026-03-25 00:00:00,1348645361,DF00400,SA00,*,10.000000,A700,10.000000,0.000000,A,13,,A700,,R,Y,2026-03-25 00:00:00,10.000000,0.000000
QR001382,1,R,2026-03-24 00:00:00,1348149488,D8J3-3216000-00,SA00,*,2.000000,A601,2.000000,0.000000,A,13,,A601,,R,Y,2026-03-24 00:00:00,2.000000,0.000000
QR001381,1,R,2026-03-24 00:00:00,1348149488,D323431,SA00,*,2.000000,A601,2.000000,0.000000,A,13,,A601,,R,Y,2026-03-24 00:00:00,2.000000,0.000000
QR001376,1,R,2026-03-23 00:00:00,1348149488,D323431,SA00,*,2.000000,A601,2.000000,0.000000,A,13,,A601,,R,Y,2026-03-23 00:00:00,2.000000,0.000000
QR001374,1,R,2026-03-23 00:00:00,1248667387,ES11100,SA00,*,4.000000,A601,4.000000,0.000000,A,13,,A601,,R,Y,2026-03-23 00:00:00,4.000000,0.000000
QR001373,1,R,2026-03-20 00:00:00,1248667387,ES11100,SA00,*,20.000000,A700,20.000000,0.000000,A,13,,A700,,R,Y,2026-03-20 00:00:00,20.000000,0.000000
QR001372,1,R,2026-03-20 00:00:00,2348802346,S5T3-2178000-01,SA00,*,1.000000,A601,1.000000,0.000000,A,13,,A601,,R,Y,2026-03-20 00:00:00,1.000000,0.000000
QR001371,1,R,2026-03-20 00:00:00,2348802346,S5T3-2178000-01,SA00,*,1.000000,A601,1.000000,0.000000,A,13,,A601,,R,Y,2026-03-20 00:00:00,1.000000,0.000000
QR001370,1,R,2026-03-20 00:00:00,2348802346,6171-55000,SA00,*,1.000000,A601,1.000000,0.000000,A,13,,A601,,R,Y,2026-03-20 00:00:00,1.000000,0.000000
QR001366,1,R,2026-03-18 00:00:00,1248667387,ES11100,SA00,*,3.000000,A601,3.000000,0.000000,A,13,,A601,,R,Y,2026-03-18 00:00:00,3.000000,0.000000
QR001289,1,R,2026-03-18 00:00:00,1348149488,D8J3-3216000-00,SA00,*,2.000000,A601,2.000000,0.000000,A,13,,A601,,R,Y,2026-03-18 00:00:00,2.000000,0.000000
QR001287,1,R,2026-03-13 00:00:00,2298600847,EC08100,SA00,*,1.000000,A601,1.000000,0.000000,A,13,,A601,,R,Y,2026-03-13 00:00:00,1.000000,0.000000
QR001286,1,R,2026-03-13 00:00:00,2298600847,EC08100,SA00,*,1.000000,A601,1.000000,0.000000,A,13,,A601,,R,Y,2026-03-13 00:00:00,1.000000,0.000000
QR001285,1,R,2026-03-13 00:00:00,2298600847,EC08100,SA00,*,1.000000,A601,1.000000,0.000000,A,13,,A601,,R,Y,2026-03-13 00:00:00,1.000000,0.000000
QR001282,1,R,2026-03-13 00:00:00,2298600847,EC08100,SA00,*,3.000000,A601,3.000000,0.000000,A,13,,A601,,R,Y,2026-03-13 00:00:00,3.000000,0.000000
QR001281,1,R,2026-03-13 00:00:00,2298600847,EC08100,SA00,*,2.000000,A601,2.000000,0.000000,A,13,,A601,,R,Y,2026-03-13 00:00:00,2.000000,0.000000
QR001192,1,R,2026-03-12 00:00:00,1348149488,T1S3-2501000-01,SA00,*,1.000000,A601,1.000000,0.000000,A,13,,A601,,R,Y,2026-03-12 00:00:00,1.000000,0.000000
QR001117,1,R,2026-03-10 00:00:00,1348149488,D323431,SA00,*,4.000000,A602,4.000000,0.000000,A,13,,A602,,R,Y,2026-03-10 00:00:00,4.000000,0.000000
QR001116,1,R,2026-03-10 00:00:00,1348149488,D4B3-3221000-01,SA00,*,4.000000,A602,4.000000,0.000000,A,13,,A602,,R,Y,2026-03-10 00:00:00,4.000000,0.000000
QR001115,1,R,2026-03-10 00:00:00,1348149488,D8J3-3216000-00,SA00,*,4.000000,A602,4.000000,0.000000,A,13,,A602,,R,Y,2026-03-10 00:00:00,4.000000,0.000000
QR001106,1,R,2026-03-09 00:00:00,1348149488,D703305-01,SA00,*,3.000000,A500,3.000000,0.000000,A,13,,A500,,R,Y,2026-03-09 00:00:00,3.000000,0.000000
QR001104,1,R,2026-03-09 00:00:00,1348149488,D8C1-2008000-06,SA00,*,2.000000,A602,2.000000,0.000000,A,13,,A602,,R,Y,2026-03-09 00:00:00,2.000000,0.000000
QR001103,1,R,2026-03-09 00:00:00,1348149488,D8C1-2008000-06,SA00,*,2.000000,A602,2.000000,0.000000,A,13,,A602,,R,Y,2026-03-09 00:00:00,2.000000,0.000000
QR001102,1,R,2026-03-09 00:00:00,2298600847,EC08000,SA00,*,1.000000,A604,1.000000,0.000000,A,13,,A604,,R,Y,2026-03-09 00:00:00,1.000000,0.000000
QR001101,1,R,2026-03-09 00:00:00,2298600847,EC08000,SA00,*,1.000000,A604,1.000000,0.000000,A,13,,A604,,R,Y,2026-03-09 00:00:00,1.000000,0.000000
QR001100,1,R,2026-03-09 00:00:00,2298600847,EC08000,SA00,*,1.000000,A604,1.000000,0.000000,A,13,,A604,,R,Y,2026-03-09 00:00:00,1.000000,0.000000
QR001099,1,R,2026-03-09 00:00:00,2298600847,EC04400,SA00,*,1.000000,A604,1.000000,0.000000,A,13,,A604,,R,Y,2026-03-09 00:00:00,1.000000,0.000000
QR001097,1,R,2026-03-09 00:00:00,2298600847,EC08200,SA00,*,2.000000,A604,2.000000,0.000000,A,13,,A604,,R,Y,2026-03-09 00:00:00,2.000000,0.000000
QR001096,1,R,2026-03-09 00:00:00,2298600847,EC08000,SA00,*,3.000000,A604,3.000000,0.000000,A,13,,A604,,R,Y,2026-03-09 00:00:00,3.000000,0.000000
QR001095,1,R,2026-03-09 00:00:00,2298600847,EC04400,SA00,*,2.000000,A604,2.000000,0.000000,A,13,,A604,,R,Y,2026-03-09 00:00:00,2.000000,0.000000
QR001090,1,R,2026-03-09 00:00:00,2348802346,6400007-2400010,SA00,*,2.000000,A603,2.000000,0.000000,A,13,,A603,,R,Y,2026-03-09 00:00:00,2.000000,0.000000
QR001089,1,R,2026-03-09 00:00:00,2348802346,6400007-2400010,SA00,*,2.000000,A603,2.000000,0.000000,A,13,,A603,,R,Y,2026-03-09 00:00:00,2.000000,0.000000
QR001077,1,R,2026-03-07 00:00:00,3320703029,D705331,SA00,*,1.000000,A603,1.000000,0.000000,A,13,,A603,,R,Y,2026-03-07 00:00:00,1.000000,0.000000
QR001076,1,R,2026-03-07 00:00:00,3320703029,D705330,SA00,*,1.000000,A603,1.000000,0.000000,A,13,,A603,,R,Y,2026-03-07 00:00:00,1.000000,0.000000
QR001075,1,R,2026-03-06 00:00:00,1378115105,D8B3-3112000-01,SA00,*,6.000000,A700,6.000000,0.000000,A,13,,A700,,R,Y,2026-03-06 00:00:00,6.000000,0.000000
QR001074,1,R,2026-03-06 00:00:00,1378115105,D8B3-3112000-01,SA00,*,4.000000,A700,4.000000,0.000000,A,13,,A700,,R,Y,2026-03-06 00:00:00,4.000000,0.000000
QR001073,1,R,2026-03-03 00:00:00,2088702433,K021259,SA00,*,1.000000,A700,1.000000,0.000000,A,13,,A700,,R,Y,2026-03-03 00:00:00,1.000000,0.000000
QR001072,1,F,2026-02-28 00:00:00,,Z5P1-MPFV000-00,SA00,855,1.000000,A100,1.000000,0.000000,A,15,,A100,,R,Y,2026-02-28 00:00:00,1.000000,0.000000
QR001071,1,F,2026-02-28 00:00:00,,Z5P1-MPFV000-00,SA00,854,1.000000,A100,1.000000,0.000000,A,15,,A100,,R,Y,2026-02-28 00:00:00,1.000000,0.000000
QR000992,1,R,2026-03-03 00:00:00,1348149488,T1S3-2501000-01,SA00,*,3.000000,A601,3.000000,0.000000,A,13,,A601,,R,Y,2026-03-03 00:00:00,3.000000,0.000000
QR000991,1,R,2026-03-03 00:00:00,1348149488,T1N3-1105000-00,SA00,*,3.000000,A601,3.000000,0.000000,A,13,,A601,,R,Y,2026-03-03 00:00:00,3.000000,0.000000
QR000990,1,R,2026-03-03 00:00:00,1348149488,T1I3-2305000-01,SA00,*,3.000000,A601,3.000000,0.000000,A,13,,A601,,R,Y,2026-03-03 00:00:00,3.000000,0.000000
QR000989,1,F,2026-02-28 00:00:00,,D020000,SA00,336,1.000000,A402,1.000000,0.000000,A,12,,A402,,R,Y,2026-02-28 00:00:00,1.000000,0.000000
QR000988,1,R,2026-03-03 00:00:00,4038600294,6330015-0000090,SA00,*,9.000000,A604,9.000000,0.000000,A,13,,A604,,R,Y,2026-03-03 00:00:00,9.000000,0.000000
QR000987,1,R,2026-03-03 00:00:00,4038600294,6330015-0000090,SA00,*,11.000000,A604,11.000000,0.000000,A,13,,A604,,R,Y,2026-03-03 00:00:00,11.000000,0.000000
QR000968,1,R,2026-03-03 00:00:00,3320703029,T1I3-1229000-03,SA00,*,3.000000,A601,3.000000,0.000000,A,13,,A601,,R,Y,2026-03-03 00:00:00,3.000000,0.000000
QR000967,1,F,2026-02-28 00:00:00,,D580000,SA00,101,1.000000,A100,1.000000,0.000000,A,15,,A100,,R,Y,2026-02-28 00:00:00,1.000000,0.000000
QR000966,1,F,2026-02-28 00:00:00,,D580000,SA00,102,1.000000,A100,1.000000,0.000000,A,12,,A100,,R,Y,2026-03-01 00:00:00,1.000000,0.000000
QR000965,1,F,2026-02-28 00:00:00,,A540000,SA00,128,1.000000,A100,1.000000,0.000000,A,15,,A100,,R,Y,2026-02-28 00:00:00,1.000000,0.000000
QR000964,1,F,2026-02-28 00:00:00,,A540000,SA00,127,1.000000,A100,1.000000,0.000000,A,15,,A100,,R,Y,2026-02-28 00:00:00,1.000000,0.000000
QR000963,1,F,2026-02-28 00:00:00,,D120000,SA00,386,1.000000,A100,1.000000,0.000000,A,12,,A100,,R,Y,2026-02-28 00:00:00,1.000000,0.000000
QR000962,1,F,2026-02-28 00:00:00,,E1D1-0000000-00,SA00,336,1.000000,A100,1.000000,0.000000,A,12,,A100,,R,Y,2026-02-28 00:00:00,1.000000,0.000000
QR000961,1,F,2026-02-28 00:00:00,,E1D1-0000000-00,SA00,335,1.000000,A100,1.000000,0.000000,A,12,,A100,,R,Y,2026-02-28 00:00:00,1.000000,0.000000
QR000960,1,F,2026-02-28 00:00:00,,Z5P1-MPPV000-00,SA00,855,1.000000,A100,1.000000,0.000000,A,15,,A100,,R,Y,2026-02-28 00:00:00,1.000000,0.000000
QR000959,1,F,2026-02-28 00:00:00,,Z5P1-MPPV000-00,SA00,854,1.000000,A100,1.000000,0.000000,A,15,,A100,,R,Y,2026-02-28 00:00:00,1.000000,0.000000
QR000958,1,F,2026-02-27 00:00:00,,J8B1-0000000-00,SA00,394,1.000000,A100,1.000000,0.000000,A,12,,A100,,R,Y,2026-02-27 00:00:00,1.000000,0.000000
QR000957,1,F,2026-02-27 00:00:00,,J8B1-0000000-00,SA00,393,1.000000,A100,1.000000,0.000000,A,12,,A100,,R,Y,2026-02-27 00:00:00,1.000000,0.000000
QR000956,1,F,2026-02-27 00:00:00,,J8B1-0000000-00,SA00,392,1.000000,A100,1.000000,0.000000,A,12,,A100,,R,Y,2026-02-27 00:00:00,1.000000,0.000000
QR000955,1,R,2026-02-27 00:00:00,1348645361,DF01010B,SA00,*,8.000000,A700,8.000000,0.000000,A,13,,A700,,R,Y,2026-02-27 00:00:00,8.000000,0.000000
QR000954,1,R,2026-02-27 00:00:00,1348645361,DF03291,SA00,*,1.000000,A700,1.000000,0.000000,A,13,,A700,,R,Y,2026-02-27 00:00:00,1.000000,0.000000
QR000953,1,R,2026-02-27 00:00:00,1348645361,DF02900,SA00,*,2.000000,A700,2.000000,0.000000,A,13,,A700,,R,Y,2026-02-27 00:00:00,2.000000,0.000000
QR000952,1,R,2026-02-27 00:00:00,1348645361,DF00384,SA00,*,4.000000,A700,4.000000,0.000000,A,13,,A700,,R,Y,2026-02-27 00:00:00,4.000000,0.000000
QR000951,1,R,2026-02-27 00:00:00,1348645361,DF00284,SA00,*,1.000000,A700,1.000000,0.000000,A,13,,A700,,R,Y,2026-02-27 00:00:00,1.000000,0.000000
QR000949,1,R,2026-02-27 00:00:00,1348645361,DF00700C,SA00,*,20.000000,A700,20.000000,0.000000,A,13,,A700,,R,Y,2026-02-27 00:00:00,20.000000,0.000000
QR000948,1,R,2026-02-27 00:00:00,1348645361,DF01200,SA00,*,10.000000,A700,10.000000,0.000000,A,13,,A700,,R,Y,2026-02-27 00:00:00,10.000000,0.000000
QR000947,1,R,2026-02-27 00:00:00,1348645361,DF01010B,SA00,*,10.000000,A700,10.000000,0.000000,A,13,,A700,,R,Y,2026-02-27 00:00:00,10.000000,0.000000
QR000946,1,R,2026-02-27 00:00:00,1348645361,DF00820A,SA00,*,10.000000,A700,10.000000,0.000000,A,13,,A700,,R,Y,2026-02-27 00:00:00,10.000000,0.000000
QR000945,1,R,2026-02-27 00:00:00,1348645361,DF00180,SA00,*,5.000000,A700,5.000000,0.000000,A,13,,A700,,R,Y,2026-02-27 00:00:00,5.000000,0.000000
QR000944,1,R,2026-02-27 00:00:00,1348645361,DF34007,SA00,*,5.000000,A700,5.000000,0.000000,A,13,,A700,,R,Y,2026-02-27 00:00:00,5.000000,0.000000
QR000943,1,R,2026-02-27 00:00:00,2088702433,D704501F,SA00,*,3.000000,A600,3.000000,0.000000,A,13,,A600,,R,Y,2026-02-27 00:00:00,3.000000,0.000000
QR000935,1,R,2026-02-26 00:00:00,1378127519,T1N1-3201000-10,SA00,*,3.000000,A601,3.000000,0.000000,A,13,,A601,,R,Y,2026-02-26 00:00:00,3.000000,0.000000
QR000933,1,R,2026-02-26 00:00:00,3320703029,D2B1-3800000-03,SA00,*,3.000000,A700,3.000000,0.000000,A,13,,A700,,R,Y,2026-02-26 00:00:00,3.000000,0.000000
QR000932,1,R,2026-02-25 00:00:00,1348149488,D135330,SA00,*,2.000000,A602,2.000000,0.000000,A,13,,A602,,R,Y,2026-02-25 00:00:00,2.000000,0.000000
QR000929,1,R,2026-02-25 00:00:00,1098145190,M021-14100,SA00,*,1.000000,A700,1.000000,0.000000,A,13,,A700,,R,Y,2026-02-25 00:00:00,1.000000,0.000000
QR000862,1,R,2026-02-24 00:00:00,1348149488,D8J3-3216000-00,SA00,*,4.000000,A602,4.000000,0.000000,A,13,,A602,,R,Y,2026-02-24 00:00:00,4.000000,0.000000
QR000861,1,R,2026-02-24 00:00:00,1348149488,D323431,SA00,*,4.000000,A602,4.000000,0.000000,A,13,,A602,,R,Y,2026-02-24 00:00:00,4.000000,0.000000
QR000860,1,R,2026-02-24 00:00:00,1348149488,D4B3-3221000-01,SA00,*,4.000000,A602,4.000000,0.000000,A,13,,A602,,R,Y,2026-02-24 00:00:00,4.000000,0.000000
QR000859,1,R,2026-02-24 00:00:00,1248667387,ES11100,SA00,*,20.000000,A700,20.000000,0.000000,A,13,,A700,,R,Y,2026-02-24 00:00:00,20.000000,0.000000
QR000852,1,R,2026-02-23 00:00:00,3320703029,Z5P3-220100C-00,SA00,*,2.000000,A601,2.000000,0.000000,A,13,,A601,,R,Y,2026-02-23 00:00:00,2.000000,0.000000
QR000851,1,R,2026-02-23 00:00:00,3320703029,Z5P3-220100C-00,SA00,*,3.000000,A601,3.000000,0.000000,A,13,,A601,,R,Y,2026-02-23 00:00:00,3.000000,0.000000
QR000850,1,R,2026-02-23 00:00:00,2348802346,S5T3-2178000-01,SA00,*,11.000000,A603,11.000000,0.000000,A,13,,A603,,R,Y,2026-02-23 00:00:00,11.000000,0.000000
QR000849,1,R,2026-02-23 00:00:00,2348802346,6171-55000,SA00,*,11.000000,A603,11.000000,0.000000,A,13,,A603,,R,Y,2026-02-23 00:00:00,11.000000,0.000000
QR000841,1,R,2026-02-13 00:00:00,3020694842,Z5P1-1901000-16,SA00,*,3.000000,A601,1.000000,0.000000,A,13,,A601,,R,Y,2026-02-13 00:00:00,3.000000,0.000000
QR000840,1,R,2026-02-13 00:00:00,3020694842,T2P3-2316000-02,SA00,*,3.000000,A601,1.000000,0.000000,A,13,,A601,,R,Y,2026-02-13 00:00:00,3.000000,0.000000
QR000832,1,R,2026-02-13 00:00:00,3020694842,Z5P1-1901000-16,SA00,*,2.000000,A601,1.000000,0.000000,A,13,,A601,,R,Y,2026-02-13 00:00:00,2.000000,0.000000
QR000826,1,R,2026-02-13 00:00:00,3020694842,Z5P1-1901000-16,SA00,*,3.000000,A601,1.000000,0.000000,A,13,,A601,,R,Y,2026-02-13 00:00:00,3.000000,0.000000
QR000776,1,R,2026-02-12 00:00:00,1348149488,Z2P3-2738000-12,SA00,*,2.000000,A601,2.000000,0.000000,A,13,,A601,,R,Y,2026-02-12 00:00:00,2.000000,0.000000
QR000775,1,R,2026-02-11 00:00:00,1248667387,ES11100,SA00,*,44.000000,A603,44.000000,0.000000,A,13,,A603,,R,Y,2026-02-11 00:00:00,44.000000,0.000000
QR000774,1,R,2026-02-11 00:00:00,1348645361,DF01010B,SA00,*,2.000000,A700,2.000000,0.000000,A,13,,A700,,R,Y,2026-02-11 00:00:00,2.000000,0.000000
QR000773,1,R,2026-02-11 00:00:00,2348802346,6400007-2400010,SA00,*,10.000000,A700,10.000000,0.000000,A,13,,A700,,R,Y,2026-02-11 00:00:00,10.000000,0.000000
QR000772,1,R,2026-02-11 00:00:00,2348802346,S5T3-2178000-01,SA00,*,2.000000,A700,2.000000,0.000000,A,13,,A700,,R,Y,2026-02-11 00:00:00,2.000000,0.000000
QR000771,1,R,2026-02-11 00:00:00,2298600847,EC08100,SA00,*,2.000000,A604,2.000000,0.000000,A,13,,A604,,R,Y,2026-02-11 00:00:00,2.000000,0.000000
QR000770,1,R,2026-02-11 00:00:00,2298600847,EC04400,SA00,*,11.000000,A604,11.000000,0.000000,A,13,,A604,,R,Y,2026-02-11 00:00:00,11.000000,0.000000
QR000769,1,R,2026-02-11 00:00:00,2298600847,EC08200,SA00,*,5.000000,A604,5.000000,0.000000,A,13,,A604,,R,Y,2026-02-11 00:00:00,5.000000,0.000000
QR000768,1,R,2026-02-11 00:00:00,2298600847,EC08000,SA00,*,20.000000,A604,20.000000,0.000000,A,13,,A604,,R,Y,2026-02-11 00:00:00,20.000000,0.000000
QR000767,1,R,2026-02-11 00:00:00,2298600847,EC08100,SA00,*,33.000000,A604,33.000000,0.000000,A,13,,A604,,R,Y,2026-02-11 00:00:00,33.000000,0.000000
QR000766,1,R,2026-02-11 00:00:00,2298600847,ES05200,SA00,*,4.000000,A604,4.000000,0.000000,A,13,,A604,,R,Y,2026-02-11 00:00:00,4.000000,0.000000
QR000765,1,R,2026-02-10 00:00:00,8528601272,6110025-050260D,SA00,*,9.000000,A600,9.000000,0.000000,A,13,,A600,,R,Y,2026-02-10 00:00:00,9.000000,0.000000
QR000761,1,R,2026-02-09 00:00:00,1348149488,D8J3-3216000-00,SA00,*,4.000000,A602,4.000000,0.000000,A,13,,A602,,R,Y,2026-02-09 00:00:00,4.000000,0.000000
QR000694,1,R,2026-02-07 00:00:00,1348149488,T1D3-3401500-00,SA00,*,4.000000,A602,4.000000,0.000000,A,13,,A602,,R,Y,2026-02-07 00:00:00,4.000000,0.000000
QR000693,1,R,2026-02-07 00:00:00,1348149488,D323431,SA00,*,4.000000,A602,4.000000,0.000000,A,13,,A602,,R,Y,2026-02-07 00:00:00,4.000000,0.000000
QR000692,1,R,2026-02-07 00:00:00,1348149488,D303221,SA00,*,4.000000,A602,4.000000,0.000000,A,13,,A602,,R,Y,2026-02-07 00:00:00,4.000000,0.000000
QR000691,1,R,2026-02-06 00:00:00,2348802346,6400007-2400010,SA00,*,22.000000,A603,22.000000,0.000000,A,13,,A603,,R,Y,2026-02-06 00:00:00,22.000000,0.000000
QR000690,1,R,2026-02-04 00:00:00,2348802346,6400007-2400010,SA00,*,5.000000,A700,5.000000,0.000000,A,13,,A700,,R,Y,2026-02-04 00:00:00,5.000000,0.000000
QR000689,1,R,2026-01-30 00:00:00,3020694842,T3L1-1101000-16,SA00,*,1.000000,A601,1.000000,0.000000,A,13,,A601,,R,Y,2026-01-30 00:00:00,1.000000,0.000000
QR000688,1,R,2026-01-30 00:00:00,3020694842,T3L1-1101000-16,SA00,*,1.000000,A601,1.000000,0.000000,A,13,,A601,,R,Y,2026-01-30 00:00:00,1.000000,0.000000
QR000685,1,R,2026-01-30 00:00:00,1348645361,DF05010,SA00,*,10.000000,A700,10.000000,0.000000,A,13,,A700,,R,Y,2026-01-30 00:00:00,10.000000,0.000000
QR000684,1,R,2026-01-30 00:00:00,1348645361,DJ50090,SA00,*,10.000000,A700,10.000000,0.000000,A,13,,A700,,R,Y,2026-01-30 00:00:00,10.000000,0.000000
QR000683,1,R,2026-01-30 00:00:00,1348645361,DJ00310,SA00,*,20.000000,A700,20.000000,0.000000,A,13,,A700,,R,Y,2026-01-30 00:00:00,20.000000,0.000000
QR000682,1,R,2026-01-30 00:00:00,1348645361,DJ00210,SA00,*,20.000000,A700,20.000000,0.000000,A,13,,A700,,R,Y,2026-01-30 00:00:00,20.000000,0.000000
QR000681,1,R,2026-01-30 00:00:00,1348645361,DF32010,SA00,*,5.000000,A700,5.000000,0.000000,A,13,,A700,,R,Y,2026-01-30 00:00:00,5.000000,0.000000
QR000680,1,R,2026-01-30 00:00:00,1348645361,DF08400,SA00,*,10.000000,A700,10.000000,0.000000,A,13,,A700,,R,Y,2026-01-30 00:00:00,10.000000,0.000000
QR000679,1,R,2026-01-30 00:00:00,1348645361,DF05500,SA00,*,5.000000,A700,5.000000,0.000000,A,13,,A700,,R,Y,2026-01-30 00:00:00,5.000000,0.000000
QR000678,1,R,2026-01-30 00:00:00,1348645361,DF04510,SA00,*,10.000000,A700,10.000000,0.000000,A,13,,A700,,R,Y,2026-01-30 00:00:00,10.000000,0.000000
QR000677,1,R,2026-01-30 00:00:00,1348645361,DF00880,SA00,*,10.000000,A700,10.000000,0.000000,A,13,,A700,,R,Y,2026-01-30 00:00:00,10.000000,0.000000
QR000676,1,R,2026-01-30 00:00:00,1348645361,DF00880,SA00,*,10.000000,A700,10.000000,0.000000,A,13,,A700,,R,Y,2026-01-30 00:00:00,10.000000,0.000000
QR000675,1,R,2026-01-30 00:00:00,1348645361,DF00200,SA00,*,10.000000,A700,10.000000,0.000000,A,13,,A700,,R,Y,2026-01-30 00:00:00,10.000000,0.000000
QR000674,1,R,2026-01-30 00:00:00,1348645361,DF00180,SA00,*,5.000000,A700,5.000000,0.000000,A,13,,A700,,R,Y,2026-01-30 00:00:00,5.000000,0.000000
QR000673,1,R,2026-01-30 00:00:00,1348645361,DF00100,SA00,*,10.000000,A700,10.000000,0.000000,A,13,,A700,,R,Y,2026-01-30 00:00:00,10.000000,0.000000
QR000672,1,F,2026-01-29 00:00:00,,K020000,SA00,106,1.000000,A100,1.000000,0.000000,A,15,,A100,,R,Y,2026-01-29 00:00:00,1.000000,0.000000
QR000671,1,F,2026-01-29 00:00:00,,D580000,SA00,100,1.000000,A100,1.000000,0.000000,A,12,,A100,,R,Y,2026-01-29 00:00:00,1.000000,0.000000
QR000668,1,F,2026-01-29 00:00:00,,A670000,SA00,33,1.000000,A100,1.000000,0.000000,A,15,,A100,,R,Y,2026-01-29 00:00:00,1.000000,0.000000
QR000667,1,F,2026-01-29 00:00:00,,J8B1-0000000-00,SA00,391,1.000000,A100,1.000000,0.000000,A,12,,A100,,R,Y,2026-01-29 00:00:00,1.000000,0.000000
QR000666,1,F,2026-01-29 00:00:00,,E1D1-0000000-00,SA00,334,1.000000,A100,1.000000,0.000000,A,12,,A100,,R,Y,2026-01-29 00:00:00,1.000000,0.000000
QR000661,1,R,2026-01-28 00:00:00,1348645361,DF01710,SA00,*,10.000000,A700,10.000000,0.000000,A,13,,A700,,R,Y,2026-01-28 00:00:00,10.000000,0.000000
QR000660,1,R,2026-01-28 00:00:00,1348645361,DF01304,SA00,*,10.000000,A700,10.000000,0.000000,A,13,,A700,,R,Y,2026-01-28 00:00:00,10.000000,0.000000
QR000659,1,R,2026-01-28 00:00:00,1348645361,DF00800,SA00,*,10.000000,A700,10.000000,0.000000,A,13,,A700,,R,Y,2026-01-28 00:00:00,10.000000,0.000000
QR000591,1,R,2026-01-28 00:00:00,1348149488,Z2P3-2738000-12,SA00,*,1.000000,A601,1.000000,0.000000,A,13,,A601,,R,Y,2026-01-28 00:00:00,1.000000,0.000000
QR000588,1,R,2026-01-28 00:00:00,1348149488,D8C1-2008000-06,SA00,*,4.000000,A602,4.000000,0.000000,A,13,,A602,,R,Y,2026-01-28 00:00:00,4.000000,0.000000
QR000587,1,R,2026-01-28 00:00:00,1348645361,DF05010,SA00,*,30.000000,A503,30.000000,0.000000,A,13,,A503,,R,Y,2026-01-28 00:00:00,30.000000,0.000000
QR000586,1,R,2026-01-28 00:00:00,1348645361,DF01710,SA00,*,30.000000,A503,30.000000,0.000000,A,13,,A503,,R,Y,2026-01-28 00:00:00,30.000000,0.000000
QR000576,1,R,2026-01-26 00:00:00,1348149488,D323431,SA00,*,4.000000,A602,4.000000,0.000000,A,13,,A602,,R,Y,2026-01-26 00:00:00,4.000000,0.000000
QR000575,1,R,2026-01-26 00:00:00,1348149488,D4B3-3221000-01,SA00,*,4.000000,A602,4.000000,0.000000,A,13,,A602,,R,Y,2026-01-26 00:00:00,4.000000,0.000000
QR000573,1,R,2026-01-26 00:00:00,2298600847,EC04400,SA00,*,2.000000,A604,2.000000,0.000000,A,13,,A604,,R,Y,2026-01-26 00:00:00,2.000000,0.000000
QR000572,1,R,2026-01-26 00:00:00,2298600847,EC08100,SA00,*,2.000000,A604,2.000000,0.000000,A,13,,A604,,R,Y,2026-01-26 00:00:00,2.000000,0.000000
QR000570,1,R,2026-01-23 00:00:00,2298600847,ES05200,SA00,*,4.000000,A604,4.000000,0.000000,A,13,,A604,,R,Y,2026-01-23 00:00:00,4.000000,0.000000
QR000569,1,R,2026-01-23 00:00:00,2348802346,6400007-2400010,SA00,*,3.000000,A700,3.000000,0.000000,A,13,,A700,,R,Y,2026-01-23 00:00:00,3.000000,0.000000
QR000562,1,R,2026-01-23 00:00:00,2298600847,ES05200,SA00,*,5.000000,A604,5.000000,0.000000,A,13,,A604,,R,Y,2026-01-23 00:00:00,5.000000,0.000000
QR000558,1,R,2026-01-23 00:00:00,1378127519,A043101C,SA00,*,1.000000,A601,1.000000,0.000000,A,13,,A601,,R,Y,2026-01-23 00:00:00,1.000000,0.000000
QR000553,1,R,2026-01-22 00:00:00,1098145190,M021-14100,SA00,*,1.000000,A700,1.000000,0.000000,A,13,,A700,,R,Y,2026-01-22 00:00:00,1.000000,0.000000
QR000486,1,R,2026-01-21 00:00:00,1348149488,D8J3-3216000-00,SA00,*,4.000000,A602,4.000000,0.000000,A,13,,A602,,R,Y,2026-01-21 00:00:00,4.000000,0.000000
QR000484,1,R,2026-01-21 00:00:00,2298600847,EC04400,SA00,*,2.000000,A604,2.000000,0.000000,A,13,,A604,,R,Y,2026-01-21 00:00:00,2.000000,0.000000
QR000475,1,R,2026-01-20 00:00:00,1348149488,D323431,SA00,*,2.000000,A602,2.000000,0.000000,A,13,,A602,,R,Y,2026-01-20 00:00:00,2.000000,0.000000
QR000417,1,R,2026-01-19 00:00:00,1348149488,D8J3-3216000-00,SA00,*,2.000000,A600,2.000000,0.000000,A,13,,A600,,R,Y,2026-01-19 00:00:00,2.000000,0.000000
QR000286,1,R,2026-01-19 00:00:00,1348149488,D323431,SA00,*,3.000000,A600,3.000000,0.000000,A,13,,A600,,R,Y,2026-01-19 00:00:00,3.000000,0.000000
QR000285,1,R,2026-01-19 00:00:00,1348149488,T1D3-3401500-00,SA00,*,3.000000,A600,3.000000,0.000000,A,13,,A600,,R,Y,2026-01-19 00:00:00,3.000000,0.000000
QR000284,1,R,2026-01-19 00:00:00,1348149488,D8J3-3216000-00,SA00,*,3.000000,A600,3.000000,0.000000,A,13,,A600,,R,Y,2026-01-19 00:00:00,3.000000,0.000000
QR000283,1,R,2026-01-19 00:00:00,1348149488,D303221,SA00,*,3.000000,A600,3.000000,0.000000,A,13,,A600,,R,Y,2026-01-19 00:00:00,3.000000,0.000000
QR000282,1,R,2026-01-19 00:00:00,1348149488,D323431,SA00,*,1.000000,A600,1.000000,0.000000,A,13,,A600,,R,Y,2026-01-19 00:00:00,1.000000,0.000000
QR000281,1,R,2026-01-19 00:00:00,1348149488,T1D3-3401500-00,SA00,*,1.000000,A600,1.000000,0.000000,A,13,,A600,,R,Y,2026-01-19 00:00:00,1.000000,0.000000
QR000280,1,R,2026-01-19 00:00:00,1348149488,D8J3-3216000-00,SA00,*,1.000000,A600,1.000000,0.000000,A,13,,A600,,R,Y,2026-01-19 00:00:00,1.000000,0.000000
QR000279,1,R,2026-01-19 00:00:00,1348149488,D303221,SA00,*,1.000000,A600,1.000000,0.000000,A,13,,A600,,R,Y,2026-01-19 00:00:00,1.000000,0.000000
QR000227,1,R,2026-01-19 00:00:00,1348149488,Z2P3-2738000-12,SA00,*,2.000000,A600,2.000000,0.000000,A,13,,A600,,R,Y,2026-01-19 00:00:00,2.000000,0.000000
QR000224,1,R,2026-01-19 00:00:00,1348149488,D8C1-2008000-06,SA00,*,3.000000,A600,3.000000,0.000000,A,13,,A600,,R,Y,2026-01-19 00:00:00,3.000000,0.000000
QR000223,1,R,2026-01-19 00:00:00,1348149488,D8C1-2008000-06,SA00,*,2.000000,A600,2.000000,0.000000,A,13,,A600,,R,Y,2026-01-19 00:00:00,2.000000,0.000000
QR000222,1,R,2026-01-19 00:00:00,1348149488,D8C1-2008000-06,SA00,*,2.000000,A600,2.000000,0.000000,A,13,,A600,,R,Y,2026-01-19 00:00:00,2.000000,0.000000
QR000221,1,R,2026-01-19 00:00:00,1348149488,D8C1-2008000-06,SA00,*,1.000000,A600,1.000000,0.000000,A,13,,A600,,R,Y,2026-01-19 00:00:00,1.000000,0.000000
QR000219,1,R,2026-01-19 00:00:00,3320703029,Z5P3-220100C-00,SA00,*,2.000000,A600,2.000000,0.000000,A,13,,A600,,R,Y,2026-01-19 00:00:00,2.000000,0.000000
QR000217,1,R,2025-09-12 00:00:00,1408116129,Q61105,SH00,*,2.000000,B50A,2.000000,2.000000,A,01,,,B50A,R,Y,2025-10-29 00:00:00,0.000000,2.000000
QR000167,1,R,2021-12-07 00:00:00,1408191813,F81112,SH00,*,5.000000,B700,5.000000,0.000000,A,01,,B700,,R,Y,2021-12-07 00:00:00,5.000000,0.000000
QR000166,1,R,2021-11-02 00:00:00,1408191813,C03282,SH00,*,30.000000,B700,0.000000,0.000000,A,01,,B700,,R,Y,2022-12-01 00:00:00,30.000000,0.000000
QR000165,1,R,2022-12-31 00:00:00,1138679597,AS0232,SH00,*,3.000000,C700,0.000000,0.000000,A,01,,C700,,R,Y,2022-12-31 00:00:00,3.000000,0.000000
QR000164,1,R,2022-12-31 00:00:00,1138679597,AS0231,SH00,*,3.000000,C700,0.000000,0.000000,A,01,,C700,,R,Y,2022-12-31 00:00:00,3.000000,0.000000
QR000163,1,R,2021-05-01 00:00:00,1408191813,E81179,SH00,2351,1.000000,B500,0.000000,0.000000,A,01,,B500,,R,Y,2021-05-01 00:00:00,1.000000,0.000000
QR000162,1,R,2021-05-01 00:00:00,1408191813,E81179,SH00,2350,1.000000,B500,0.000000,0.000000,A,01,,B500,,R,Y,2021-05-01 00:00:00,1.000000,0.000000
QR000161,1,R,2021-05-01 00:00:00,1408191813,E81179,SH00,2347,1.000000,B500,0.000000,0.000000,A,01,,B500,,R,Y,2021-05-01 00:00:00,1.000000,0.000000
QR000160,1,R,2021-05-01 00:00:00,1408191813,E81179,SH00,2345,1.000000,B500,0.000000,0.000000,A,01,,B500,,R,Y,2021-05-01 00:00:00,1.000000,0.000000
QR000159,1,R,2021-05-01 00:00:00,1408191813,E81179,SH00,2344,1.000000,B500,0.000000,0.000000,A,01,,B500,,R,Y,2021-05-01 00:00:00,1.000000,0.000000
QR000158,1,R,2021-05-01 00:00:00,1408191813,E81179,SH00,2342,1.000000,B500,0.000000,0.000000,A,01,,B500,,R,Y,2021-05-01 00:00:00,1.000000,0.000000
QR000157,1,R,2021-05-01 00:00:00,1408191813,E81179,SH00,2341,1.000000,B500,0.000000,0.000000,A,01,,B500,,R,Y,2021-05-01 00:00:00,1.000000,0.000000
QR000156,1,R,2021-05-01 00:00:00,1408191813,E81179,SH00,2338,1.000000,B500,0.000000,0.000000,A,01,,B500,,R,Y,2021-05-01 00:00:00,1.000000,0.000000
QR000155,1,R,2021-05-01 00:00:00,1408191813,E81179,SH00,2335,1.000000,B500,0.000000,0.000000,A,01,,B500,,R,Y,2021-05-01 00:00:00,1.000000,0.000000
QR000154,1,R,2021-05-01 00:00:00,1408191813,E81179,SH00,2332,1.000000,B500,0.000000,0.000000,A,01,,B500,,R,Y,2021-05-01 00:00:00,1.000000,0.000000
QR000153,1,R,2021-05-01 00:00:00,1408191813,E81179,SH00,2312,1.000000,B500,0.000000,0.000000,A,01,,B500,,R,Y,2021-05-01 00:00:00,1.000000,0.000000
QR000152,1,R,2021-05-01 00:00:00,1408191813,E81179,SH00,2305,1.000000,B500,0.000000,0.000000,A,01,,B500,,R,Y,2021-05-01 00:00:00,1.000000,0.000000
QR000151,1,R,2021-05-01 00:00:00,1408191813,E81179,SH00,2278,1.000000,B500,0.000000,0.000000,A,01,,B500,,R,Y,2021-05-01 00:00:00,1.000000,0.000000
QR000150,1,R,2021-05-01 00:00:00,1408191813,E81179,SH00,2277,1.000000,B500,0.000000,0.000000,A,01,,B500,,R,Y,2021-05-01 00:00:00,1.000000,0.000000
QR000149,1,R,2021-05-01 00:00:00,1408191813,E81179,SH00,2272,1.000000,B500,0.000000,0.000000,A,01,,B500,,R,Y,2021-05-01 00:00:00,1.000000,0.000000
QR000148,1,R,2021-05-01 00:00:00,1408191813,E81179,SH00,2270,1.000000,B500,0.000000,0.000000,A,01,,B500,,R,Y,2021-05-01 00:00:00,1.000000,0.000000
QR000147,1,R,2021-05-01 00:00:00,1408191813,E81179,SH00,2257,1.000000,B500,0.000000,0.000000,A,01,,B500,,R,Y,2021-05-01 00:00:00,1.000000,0.000000
QR000146,1,R,2021-03-11 00:00:00,1408191813,E81179,SH00,2324,1.000000,B500,0.000000,0.000000,A,01,,B500,,R,Y,2021-03-11 00:00:00,1.000000,0.000000
QR000145,1,R,2021-03-11 00:00:00,1408191813,E81179,SH00,2323,1.000000,B500,0.000000,0.000000,A,01,,B500,,R,Y,2021-03-11 00:00:00,1.000000,0.000000
QR000144,1,R,2021-03-11 00:00:00,1408191813,E81179,SH00,2321,1.000000,B500,0.000000,0.000000,A,01,,B500,,R,Y,2021-03-11 00:00:00,1.000000,0.000000
QR000143,1,R,2021-03-11 00:00:00,1408191813,E81179,SH00,2318,1.000000,B500,0.000000,0.000000,A,01,,B500,,R,Y,2021-03-11 00:00:00,1.000000,0.000000
QR000142,1,R,2021-03-11 00:00:00,1408191813,E81179,SH00,2316,1.000000,B500,0.000000,0.000000,A,01,,B500,,R,Y,2021-03-11 00:00:00,1.000000,0.000000
QR000141,1,R,2021-03-11 00:00:00,1408191813,E81179,SH00,2314,1.000000,B500,0.000000,0.000000,A,01,,B500,,R,Y,2021-03-11 00:00:00,1.000000,0.000000
QR000140,1,R,2021-03-11 00:00:00,1408191813,E81179,SH00,2307,1.000000,B500,0.000000,0.000000,A,01,,B500,,R,Y,2021-03-11 00:00:00,1.000000,0.000000
QR000139,1,R,2021-03-11 00:00:00,1408191813,E81179,SH00,2304,1.000000,B500,0.000000,0.000000,A,01,,B500,,R,Y,2021-03-11 00:00:00,1.000000,0.000000
QR000138,1,R,2021-03-11 00:00:00,1408191813,E81179,SH00,2301,1.000000,B500,0.000000,0.000000,A,01,,B500,,R,Y,2021-03-11 00:00:00,1.000000,0.000000
QR000137,1,R,2021-03-11 00:00:00,1408191813,E81179,SH00,2299,1.000000,B500,0.000000,0.000000,A,01,,B500,,R,Y,2021-03-11 00:00:00,1.000000,0.000000
QR000136,1,R,2021-03-11 00:00:00,1408191813,E81179,SH00,2292,1.000000,B500,0.000000,0.000000,A,01,,B500,,R,Y,2021-03-11 00:00:00,1.000000,0.000000
QR000135,1,R,2021-03-11 00:00:00,1408191813,E81179,SH00,2285,1.000000,B500,0.000000,0.000000,A,01,,B500,,R,Y,2021-03-11 00:00:00,1.000000,0.000000
QR000134,1,R,2021-03-11 00:00:00,1408191813,E81179,SH00,2283,1.000000,B500,0.000000,0.000000,A,01,,B500,,R,Y,2021-03-11 00:00:00,1.000000,0.000000
QR000133,1,R,2021-03-11 00:00:00,1408191813,E81179,SH00,2282,1.000000,B500,0.000000,0.000000,A,01,,B500,,R,Y,2021-03-11 00:00:00,1.000000,0.000000
QR000132,1,R,2021-03-11 00:00:00,1408191813,E81179,SH00,2281,1.000000,B500,0.000000,0.000000,A,01,,B500,,R,Y,2021-03-11 00:00:00,1.000000,0.000000
QR000131,1,R,2021-03-11 00:00:00,1408191813,E81179,SH00,2280,1.000000,B500,0.000000,0.000000,A,01,,B500,,R,Y,2021-03-11 00:00:00,1.000000,0.000000
QR000130,1,R,2021-02-24 00:00:00,1408191813,E81179,SH00,2326,1.000000,B500,0.000000,0.000000,A,01,,B500,,R,Y,2021-02-24 00:00:00,1.000000,0.000000
QR000129,1,R,2021-02-24 00:00:00,1408191813,E81179,SH00,2325,1.000000,B500,0.000000,0.000000,A,01,,B500,,R,Y,2021-02-24 00:00:00,1.000000,0.000000
QR000128,1,R,2021-02-24 00:00:00,1408191813,E81179,SH00,2322,1.000000,B500,0.000000,0.000000,A,01,,B500,,R,Y,2021-02-24 00:00:00,1.000000,0.000000
QR000127,1,R,2021-02-24 00:00:00,1408191813,E81179,SH00,2319,1.000000,B500,0.000000,0.000000,A,01,,B500,,R,Y,2021-02-24 00:00:00,1.000000,0.000000
QR000126,1,R,2021-02-24 00:00:00,1408191813,E81179,SH00,2317,1.000000,B500,0.000000,0.000000,A,01,,B500,,R,Y,2021-02-24 00:00:00,1.000000,0.000000
QR000125,1,R,2021-02-24 00:00:00,1408191813,E81179,SH00,2315,1.000000,B500,0.000000,0.000000,A,01,,B500,,R,Y,2021-02-24 00:00:00,1.000000,0.000000
QR000124,1,R,2021-02-24 00:00:00,1408191813,E81179,SH00,2311,1.000000,B500,0.000000,0.000000,A,01,,B500,,R,Y,2021-02-24 00:00:00,1.000000,0.000000
QR000123,1,R,2021-02-24 00:00:00,1408191813,E81179,SH00,2309,1.000000,B500,0.000000,0.000000,A,01,,B500,,R,Y,2021-02-24 00:00:00,1.000000,0.000000
QR000122,1,R,2021-02-24 00:00:00,1408191813,E81179,SH00,2306,1.000000,B500,0.000000,0.000000,A,01,,B500,,R,Y,2021-02-24 00:00:00,1.000000,0.000000
QR000121,1,R,2021-02-24 00:00:00,1408191813,E81179,SH00,2302,1.000000,B500,0.000000,0.000000,A,01,,B500,,R,Y,2021-02-24 00:00:00,1.000000,0.000000
QR000120,1,R,2021-02-24 00:00:00,1408191813,E81179,SH00,2300,1.000000,B500,0.000000,0.000000,A,01,,B500,,R,Y,2021-02-24 00:00:00,1.000000,0.000000
QR000119,1,R,2021-02-24 00:00:00,1408191813,E81179,SH00,2298,1.000000,B500,0.000000,0.000000,A,01,,B500,,R,Y,2021-02-24 00:00:00,1.000000,0.000000
QR000118,1,R,2021-02-24 00:00:00,1408191813,E81179,SH00,2297,1.000000,B500,0.000000,0.000000,A,01,,B500,,R,Y,2021-02-24 00:00:00,1.000000,0.000000
QR000117,1,R,2021-02-24 00:00:00,1408191813,E81179,SH00,2296,1.000000,B500,0.000000,0.000000,A,01,,B500,,R,Y,2021-02-24 00:00:00,1.000000,0.000000
QR000116,1,R,2021-02-24 00:00:00,1408191813,E81179,SH00,2295,1.000000,B500,0.000000,0.000000,A,01,,B500,,R,Y,2021-02-24 00:00:00,1.000000,0.000000
QR000115,1,R,2021-02-24 00:00:00,1408191813,E81179,SH00,2294,1.000000,B500,0.000000,0.000000,A,01,,B500,,R,Y,2021-02-24 00:00:00,1.000000,0.000000
QR000114,1,R,2021-02-24 00:00:00,1408191813,E81179,SH00,2293,1.000000,B500,0.000000,0.000000,A,01,,B500,,R,Y,2021-02-24 00:00:00,1.000000,0.000000
QR000113,1,R,2021-02-24 00:00:00,1408191813,E81179,SH00,2284,1.000000,B500,0.000000,0.000000,A,01,,B500,,R,Y,2021-02-24 00:00:00,1.000000,0.000000
QR000112,1,R,2021-02-24 00:00:00,1408191813,E81179,SH00,2273,1.000000,B500,0.000000,0.000000,A,01,,B500,,R,Y,2021-02-24 00:00:00,1.000000,0.000000
QR000111,1,R,2021-02-24 00:00:00,1408191813,E81179,SH00,2271,1.000000,B500,0.000000,0.000000,A,01,,B500,,R,Y,2021-02-24 00:00:00,1.000000,0.000000
QR000110,1,R,2021-01-28 00:00:00,1358629724,K11380WW,SH00,*,2.000000,C700,1.000000,0.000000,A,01,,C700,,R,Y,2021-01-28 00:00:00,2.000000,0.000000
QR000109,1,R,2021-01-28 00:00:00,1358629724,J11200WW,SH00,*,3.000000,C700,1.000000,0.000000,A,01,,C700,,R,Y,2021-01-28 00:00:00,3.000000,0.000000
QR000108,1,R,2021-01-28 00:00:00,1358645952,W70023,SH00,*,5.000000,C700,1.000000,0.000000,A,01,,C700,,R,Y,2021-01-28 00:00:00,5.000000,0.000000
QR000107,1,R,2021-01-28 00:00:00,1358645952,B03157,SH00,*,2.000000,C700,1.000000,0.000000,A,01,,C700,,R,Y,2021-01-28 00:00:00,2.000000,0.000000
QR000106,1,R,2021-01-28 00:00:00,1358645952,A51369,SH00,*,16.000000,C700,1.000000,0.000000,A,01,,C700,,R,Y,2021-01-28 00:00:00,16.000000,0.000000
QR000105,1,R,2021-01-28 00:00:00,1358645952,G33602,SH00,*,1.000000,C700,1.000000,0.000000,A,01,,C700,,R,Y,2021-01-28 00:00:00,1.000000,0.000000
QR000104,1,R,2021-01-28 00:00:00,1358645952,A61626,SH00,*,2.000000,C700,1.000000,0.000000,A,01,,C700,,R,Y,2021-01-28 00:00:00,2.000000,0.000000
QR000103,1,R,2021-01-28 00:00:00,1358645952,W70023,SH00,*,2.000000,C700,1.000000,0.000000,A,01,,C700,,R,Y,2021-01-28 00:00:00,2.000000,0.000000
QR000102,1,R,2021-01-28 00:00:00,1358645952,W04609,SH00,*,1.000000,C700,1.000000,0.000000,A,01,,C700,,R,Y,2021-01-28 00:00:00,1.000000,0.000000
QR000101,1,R,2021-01-28 00:00:00,1358645952,W04603,SH00,*,1.000000,C700,1.000000,0.000000,A,01,,C700,,R,Y,2021-01-28 00:00:00,1.000000,0.000000
QR000100,1,R,2021-01-28 00:00:00,1358645952,W01078,SH00,*,2.000000,C700,1.000000,0.000000,A,01,,C700,,R,Y,2021-01-28 00:00:00,2.000000,0.000000
QR000099,1,R,2021-01-28 00:00:00,1358645952,W01075,SH00,*,2.000000,C700,1.000000,0.000000,A,01,,C700,,R,Y,2021-01-28 00:00:00,2.000000,0.000000
QR000098,1,R,2021-01-28 00:00:00,1358645952,J10140,SH00,*,1.000000,C700,1.000000,0.000000,A,01,,C700,,R,Y,2021-01-28 00:00:00,1.000000,0.000000
QR000097,1,R,2021-01-28 00:00:00,1358645952,G33602,SH00,*,1.000000,C700,1.000000,0.000000,A,01,,C700,,R,Y,2021-01-28 00:00:00,1.000000,0.000000
QR000096,1,R,2021-01-28 00:00:00,1358645952,E11624,SH00,*,10.000000,C700,1.000000,0.000000,A,01,,C700,,R,Y,2021-01-28 00:00:00,10.000000,0.000000
QR000095,1,R,2021-01-28 00:00:00,1358645952,B13228,SH00,*,1.000000,C700,1.000000,0.000000,A,01,,C700,,R,Y,2021-01-28 00:00:00,1.000000,0.000000
QR000094,1,R,2021-01-28 00:00:00,1358645952,B10101,SH00,*,2.000000,C700,1.000000,0.000000,A,01,,C700,,R,Y,2021-01-28 00:00:00,2.000000,0.000000
QR000093,1,R,2021-01-28 00:00:00,1358645952,A51605,SH00,*,6.000000,C700,1.000000,0.000000,A,01,,C700,,R,Y,2021-01-28 00:00:00,6.000000,0.000000
QR000092,1,R,2021-01-28 00:00:00,1358645952,A51369,SH00,*,4.000000,C700,1.000000,0.000000,A,01,,C700,,R,Y,2021-01-28 00:00:00,4.000000,0.000000
QR000078,1,R,2021-01-28 00:00:00,1138184469,C11112LL,SH00,16333,1.000000,B500,1.000000,0.000000,A,01,,B500,,R,Y,2021-01-28 00:00:00,1.000000,0.000000
