이름,직함,회사,부서,직책,입사일,전자 메일 주소,휴대폰,근무처 전화,근무지 팩스
정석현,회장,수산세보틱스,회장,회장,2025-12-26,shchung@soosan.co.kr,--,--,--
김병현,사장,수산세보틱스,대표이사,사장,2024-12-16,kbh@soosan.co.kr,010-4206-0363,--,--
문상보,부사장,수산세보틱스,특장사업본부,COO,2023-04-17,iloveji0@soosan.co.kr,010-6243-0409,041-539-0372,041-5390-287
양치훈,부사장,수산세보틱스,BR사업본부,COO,2022-02-21,ch.yang@soosan.co.kr,010-4709-3044,041-539-0206,041-539-0232
강문종,부사장,수산세보틱스,수산비나모터,법인장,2025-12-26,mjkang9@soosan.co.kr,010-5514-2153,--,--
이호철,전무이사,수산세보틱스,CDO,CDO,2026-03-02,hochoul.lee@soosan.co.kr,010-2984-5720,041-539-0202,041-537-0232
정의건,전무이사,수산세보틱스,아산연구소,부문장,1992-05-01,jeg5972@soosan.co.kr,010-9315-4901,041-539-0307,--
기성종,전무이사,수산세보틱스,미국법인,법인장,2025-12-26,keesj@soosan.co.kr,847-707-9422,--,--
신국재,상무이사-보,수산세보틱스,수산세보틱스,CFO,2021-09-01,gjshin@soosan.co.kr,010-2810-7862,041-539-0301,--
노화식,상무이사-보,수산세보틱스,BR생산부문,부문장,2012-10-15,nowhs@soosan.co.kr,010-9273-7553,--,--
이갑기,상무이사,수산세보틱스,수산비나모터,부문장,2020-02-01,kk12lee@soosan.co.kr,010-7105-5288,041-539-0316,--
이광열,상무이사,수산세보틱스,디지털혁신부문,부문장,2023-12-01,ky.lee@soosan.co.kr,010-5134-8721,--,041-547-0019
이대현,상무이사-보,수산세보틱스,BR영업부문,부문장,2012-02-01,dhlee65@soosan.co.kr,010-3468-3957,--,--
이상우,상무이사,수산세보틱스,화성연구소,부문장,2025-12-26,swlee@soosan.co.kr,010-6449-2350,--,--
임동진,상무이사-보,수산세보틱스,품질부문,부문장,1993-11-15,imdg77@soosan.co.kr,010-8892-5899,031-350-5132,--
최용규,상무이사-보,수산세보틱스,특장영업부문,부문장,1993-11-01,493086@soosan.co.kr,010-4759-6190,--,--
한무권,상무이사-보,수산세보틱스,BR사업본부,임원,2026-02-01,hanmookwon@soosan.co.kr,010-9638-5886,031-350-5120,--
유원선,상무이사-보,수산세보틱스,선행기술팀,팀장,1994-05-30,ryu494041@soosan.co.kr,010-8863-3349,--,--
김동훈,상무이사,수산세보틱스,국내영업1팀,촉탁,1999-10-01,dhkim6914@soosan.co.kr,010-4731-6914,--,--
김성환,상무이사,수산세보틱스,국내영업1팀,촉탁,2008-12-01,shk3062570@soosan.co.kr,010-8306-2570,041-539-0380,041-539-0287
안태헌,부장,수산세보틱스,구매부문,부문장,1999-10-21,ath@soosan.co.kr,010-6223-1624,--,--
공현택,부장,수산세보틱스,유럽지사,지사장,2012-08-06,bret@soosan.co.kr,316-2925-4231,--,--
김민국,부장,수산세보틱스,국내영업2팀,팀장,2011-12-16,mkkim@soosan.co.kr,010-2619-6446,--,--
김영길,부장,수산세보틱스,경영관리팀,팀장,2021-09-27,yg.kim@soosan.co.kr,010-3959-0972,--,--
김형태,부장,수산세보틱스,중동지사,지사장,2009-08-17,kimht@soosan.co.kr,010-3545-5516,--,--
이익환,부장,수산세보틱스,국내영업1팀,팀장,2019-11-29,sk01017@soosan.co.kr,010-3382-2865,--,--
정상배,부장,수산세보틱스,안전환경보건팀,팀장,2021-07-05,sbjung@soosan.co.kr,010-4773-1268,041-539-0241,041-536-0901
조현민,부장,수산세보틱스,경영관리팀,팀장,2023-02-20,hm.cho@soosan.co.kr,010-2474-8800,--,--
최정현,부장,수산세보틱스,고객지원팀,팀장,2006-01-03,hyuni060@soosan.co.kr,010-2063-5720,041-539-0278,--
편순형,부장,수산세보틱스,IT혁신팀,팀장,1999-11-01,pyunsh@soosan.co.kr,010-5424-3146,041-539-0291,--
강영기,부장,수산세보틱스,해외영업팀,팀원,2024-03-11,kyg@soosan.co.kr,010-9757-0465,031-350-5124,--
배재철,부장,수산세보틱스,해외영업팀,팀원,2026-02-23,jc.bae@soosan.co.kr,010-8711-4257,--,--
홍승수,부장,수산세보틱스,품질보증팀,팀원,2023-04-24,ss.hong@soosan.co.kr,010-9016-1247,--,--
이인복,부장,수산세보틱스,수산비나모터,,2025-12-26,iblee@soosan.co.kr,096-2488-956,--,--
김기성,부장대우,수산세보틱스,외주구매팀,팀장,2006-04-24,kisung8102@soosan.co.kr,010-3034-6784,041-539-0265,041-539-0302
박래현,부장대우,수산세보틱스,품질관리팀,팀장,2005-10-12,prh78@soosan.co.kr,010-5467-3954,--,--
신상표,부장대우,수산세보틱스,BR품질서비스팀,팀장,2025-12-26,ssp@soosan.co.kr,010-5238-3713,031-350-5162,--
신용균,부장대우,수산세보틱스,생산기술팀,팀장,2022-03-02,yk.shin@soosan.co.kr,010-9769-0212,--,--
이재욱,부장대우,수산세보틱스,디지털혁신팀,팀장,2007-03-26,jwbasa@soosan.co.kr,010-3933-3836,041-539-0293,--
이점두,부장대우,수산세보틱스,자재팀,팀장,2008-08-27,leejd@soosan.co.kr,010-9133-4142,041-539-0259,041-547-0017
채원엽,부장대우,수산세보틱스,구매팀,팀장,2013-03-27,yuan20@soosan.co.kr,010-9167-2532,--,--
하진희,부장대우,수산세보틱스,해외영업팀,팀장,2008-12-01,hagenehee@soosan.co.kr,010-5795-5795,--,--
한주헌,부장대우,수산세보틱스,코마츠영업팀,팀장,2010-01-01,jhhan@soosan.co.kr,010-7155-2948,--,--
한철희,부장대우,수산세보틱스,로드생산팀,팀장,2025-12-26,ch.han@soosan.co.kr,010-6344-5230,--,--
황종건,부장대우,수산세보틱스,생산팀-관리,팀장,2017-01-17,jg.hwang@soosan.co.kr,010-9876-7786,--,--
김성욱,부장대우,수산세보틱스,고객지원팀,팀원,2008-08-25,ksw7202@soosan.co.kr,010-2607-3137,--,--
전계신,부장대우,수산세보틱스,국내영업2팀,팀원,2025-06-16,ks.jeon@soosan.co.kr,010-6682-3695,041-538-0388,041-539-0287
아워홈,실장,수산세보틱스,총무지원팀,,2020-01-01,ourhome@soosan.co.kr,--,041-539-0219,--
윤성우,부장대우,수산세보틱스,수산비나모터,,2020-04-13,gregyoun@soosan.co.kr,093-660-0799,--,--
김동현,차장,수산세보틱스,총무지원팀,팀장,2022-01-03,seeyou.kim@soosan.co.kr,010-5426-8262,031-350-5161,0504-041-8262
김진우1,차장,수산세보틱스,인사기획팀,팀장,2011-02-21,tldudck@soosan.co.kr,010-8568-1746,--,--
박준영,차장,수산세보틱스,CR생산팀,팀장,2013-12-31,pjy0302@soosan.co.kr,010-6366-5715,--,--
안종준,차장,수산세보틱스,부품팀,팀장,2010-01-01,jjan@soosan.co.kr,010-8992-3853,--,--
이승주,차장,수산세보틱스,BR영업팀,팀장,2018-11-01,sj231@soosan.co.kr,010-4134-4448,031-350-5171,031-624-4516
권용철,차장,수산세보틱스,국내영업1팀,팀원,2013-03-25,acekyc1@soosan.co.kr,010-3443-5114,--,--
노주호,차장,수산세보틱스,고객지원팀,팀원,2010-01-01,jhroh@soosan.co.kr,010-4519-7805,041-539-0373,041-539-0277
방진영,차장,수산세보틱스,부품팀,팀원,2019-11-29,bbangka@soosan.co.kr,010-2440-0229,041-539-0330,041-539-0239
송호영,차장,수산세보틱스,고객지원팀,팀원,1993-12-01,soosansong@soosan.co.kr,010-3467-0233,041-7539-0250,--
이권구,차장,수산세보틱스,구매팀,팀원,2010-08-09,kklee@soosan.co.kr,010-3389-5147,041-539-0256,--
이정욱,차장,수산세보틱스,코마츠영업팀,팀원,2007-03-26,jungwck@soosan.co.kr,010-6665-4665,--,--
이제현,차장,수산세보틱스,해외영업팀,팀원,2023-07-24,jh.lee@soosan.co.kr,010-5284-1634,--,--
이종명,차장,수산세보틱스,해외영업팀,팀원,2014-11-24,jmlee23@soosan.co.kr,010-7244-8198,041-539-0377,041-539-0389
정소영,차장,수산세보틱스,외주구매팀,팀원,2010-12-20,syjung@soosan.co.kr,010-3433-3492,041-539-0269,--
정우철,차장,수산세보틱스,BR영업팀,팀원,2026-02-02,wc.jung@soosan.co.kr,010-3894-2940,031-350-5133,--
편수빈,차장,수산세보틱스,IT혁신팀,팀원,2026-06-08,sb.pyun@soosan.co.kr,010-9126-7697,--,--
한기민,차장,수산세보틱스,수산비나모터,팀원,2026-06-08,km.han@soosan.co.kr,010-4041-5780,--,--
황현정,차장,수산세보틱스,품질보증팀,팀원,2002-02-18,hwanghj@soosan.co.kr,010-8524-1746,--,--
test1,차장,수산세보틱스,IT혁신팀,,2021-07-12,gp.lee@soosan.co.kr,--,--,--
손범국,과장,수산세보틱스,BR생산팀,팀장,2014-09-15,sbk6116@soosan.co.kr,010-2510-6116,--,--
석고은,과장,수산세보틱스,경영관리팀,팀원,2020-10-19,ge.seok@soosan.co.kr,010-5138-2389,--,--
강경오,과장,수산세보틱스,고객지원팀,팀원,2021-03-15,ko.kang@soosan.co.kr,010-9485-5105,--,--
강영란,과장,수산세보틱스,BR영업팀,팀원,2011-06-01,scarlet.kang@soosan.co.kr,010-3177-3928,031-350-5114,--
강주일,과장,수산세보틱스,외주구매팀,팀원,2019-02-11,zxcv7644@soosan.co.kr,010-7644-4129,--,--
권대욱,과장,수산세보틱스,고객지원팀,팀원,2014-03-03,daeuk7@soosan.co.kr,010-2672-3990,--,--
김경희,과장,수산세보틱스,BR생산팀,팀원,1994-09-01,kimkh@soosan.co.kr,010-4922-4782,--,--
김민종,과장,수산세보틱스,생산팀-관리,팀원,2025-04-28,mj.kim1@soosan.co.kr,010-3910-6543,--,--
김서하,과장,수산세보틱스,국내영업1팀,팀원,2007-05-02,ybzzang@soosan.co.kr,010-9375-1015,--,--
김선명,과장,수산세보틱스,인사기획팀,팀원,2016-08-16,ksm16007@soosan.co.kr,010-9411-1192,041-539-0218,041-539-0232
김선채,과장,수산세보틱스,총무지원팀,팀원,2021-12-13,sc.kim@soosan.co.kr,010-4634-2987,--,--
김성재,과장,수산세보틱스,코마츠영업팀,팀원,2018-03-12,gitzo1917@soosan.co.kr,--,041-539-0235,--
김용민,과장,수산세보틱스,국내영업1팀,팀원,2022-05-09,ym.kim@soosan.co.kr,010-2020-4823,--,--
김은옥,과장,수산세보틱스,BR품질서비스팀,팀원,2025-12-26,keo1208@soosan.co.kr,010-8294-1208,--,--
김태양,과장,수산세보틱스,경영관리팀,팀원,2021-09-01,kimsunny91@soosan.co.kr,010-5040-5306,--,--
박지예,과장,수산세보틱스,BR영업팀,팀원,2021-07-12,jjy.park@soosan.co.kr,010-5058-1930,--,--
박호숙,과장,수산세보틱스,부품팀,팀원,2024-07-24,phs@soosan.co.kr,010-7730-9811,--,--
방다영,과장,수산세보틱스,경영관리팀,팀원,2016-11-21,dyoung0223@soosan.co.kr,010-2727-7371,041-539-0225,041-539-0232
심우희,과장,수산세보틱스,CR생산팀,팀원,2012-10-15,woohee2521@soosan.co.kr,010-4662-2521,031-350-5117,--
양상원,과장,수산세보틱스,국내영업2팀,팀원,2019-03-25,cba02094@soosan.co.kr,010-6479-1095,041-539-0336,--
윤상화,과장,수산세보틱스,BR영업팀,팀원,2017-12-19,sh.yoon@soosan.co.kr,010-9018-0519,--,--
이병화,과장,수산세보틱스,구매팀,팀원,2019-08-12,bh.lee@soosan.co.kr,010-6770-2211,--,--
이슬,과장,수산세보틱스,BR영업팀,팀원,2017-11-06,s.lee@soosan.co.kr,010-2744-5483,--,--
이우복,과장,수산세보틱스,생산기술팀,팀원,2023-07-10,wb.lee@soosan.co.kr,010-5222-5549,--,--
이준용,과장,수산세보틱스,CR생산팀,팀원,2021-10-01,jy.lee@soosan.co.kr,010-2488-4697,--,--
이충,과장,수산세보틱스,자재팀,팀원,2021-07-20,c.lee@soosan.co.kr,010-2839-3605,--,--
이태윤,과장,수산세보틱스,해외영업팀,팀원,2017-10-10,lty6568@soosan.co.kr,010-6695-6568,--,--
이호진,과장,수산세보틱스,생산팀-관리,팀원,2023-07-10,hj.lee@soosan.co.kr,010-4981-4070,041-539-0243,--
정경석,과장,수산세보틱스,부품팀,팀원,2022-06-27,ks.jung@soosan.co.kr,010-7585-7547,--,--
정규영,과장,수산세보틱스,구매팀,팀원,2018-01-15,gy.jeong@soosan.co.kr,010-3583-6910,--,--
정상임,과장,수산세보틱스,자재팀,팀원,2008-05-13,champdog@soosan.co.kr,010-4498-0126,041-539-0371,041-546-0024
조민희,과장,수산세보틱스,경영관리팀,팀원,2025-08-01,mh.cho@soosan.co.kr,010-3999-7645,--,--
조효동,과장,수산세보틱스,생산팀-관리,팀원,2026-02-23,hd.cho@soosan.co.kr,010-3039-6802,--,--
차성아,과장,수산세보틱스,CR생산팀,팀원,2025-12-26,csa@soosan.co.kr,010-4780-0744,--,--
최석우,과장,수산세보틱스,BR생산팀,팀원,2022-04-18,sw.choi@soosan.co.kr,010-5439-5447,--,--
최효식,과장,수산세보틱스,부품팀,팀원,2014-11-17,choi.hs@soosan.co.kr,010-9887-1711,041-539-0238,041-539-0239
하근식,과장,수산세보틱스,중동지사,팀원,2025-12-26,gs.ha@soosan.co.kr,010-4554-8347,--,--
홍은희,과장,수산세보틱스,로드생산팀,팀원,2013-03-18,eunhee@soosan.co.kr,010-9299-3338,--,--
선동휘,과장,수산세보틱스,부품팀,,2021-08-09,dh.sun@soosan.co.kr,010-5626-5516,041-539-0276,--
오재우,과장,수산세보틱스,고객지원팀,,2018-04-27,babalouskey@soosan.co.kr,010-3176-1563,--,--
조영호,과장,수산세보틱스,수산비나모터,,2026-01-05,yh.jo@soosan.co.kr,010-9131-8040,--,--
홍용천,과장,수산세보틱스,고객지원팀,,2023-05-02,yc.hong@soosan.co.kr,010-0786-0786,--,--
구민우,대리,수산세보틱스,CR생산팀,팀원,2022-02-10,mw.goo@soosan.co.kr,010-8969-4713,--,--
구민우1,대리,수산세보틱스,해외영업팀,팀원,2022-08-08,mw.koo@soosan.co.kr,010-6635-9079,--,--
김건우,대리,수산세보틱스,경영관리팀,팀원,2021-06-21,gw.kim@soosan.co.kr,010-2806-3446,--,--
김기현,대리,수산세보틱스,BR영업팀,팀원,2022-09-14,gh.kim@soosan.co.kr,010-3896-2133,--,--
김문현,대리,수산세보틱스,안전환경보건팀,팀원,2020-10-05,soosan7143@soosan.co.kr,010-7143-3888,041-539-0246,041--
김민영,대리,수산세보틱스,생산기술팀,팀원,2021-12-01,my.kim@soosan.co.kr,010-8486-5333,--,--
김소영,대리,수산세보틱스,경영관리팀,팀원,2022-05-02,sy.kim@soosan.co.kr,010-3074-6114,--,--
김수현,대리,수산세보틱스,BR자재부품팀,팀원,2025-06-02,sh.kim1@soosan.co.kr,010-2273-9856,--,--
김신원,대리,수산세보틱스,부품팀,팀원,2017-11-01,jk07051@soosan.co.kr,010-2869-8120,041-539-0261,041-539-0239
김영봉,대리,수산세보틱스,BR품질서비스팀,팀원,2025-12-26,yb.kim@soosan.co.kr,010-5100-7626,--,--
김태형,대리,수산세보틱스,부품팀,팀원,2021-07-12,th.kim@soosan.co.kr,010-9214-5714,041-539-0304,--
김혜정,대리,수산세보틱스,총무지원팀,팀원,2021-04-19,hj.kim@soosan.co.kr,010-5714-2813,--,--
박상우,대리,수산세보틱스,생산팀-관리,팀원,2020-06-15,sangwoo0615@soosan.co.kr,010-4780-9668,--,--
박상현,대리,수산세보틱스,품질관리팀,팀원,2021-04-05,sh.park@soosan.co.kr,010-5268-1583,--,--
박인혁,대리,수산세보틱스,품질보증팀,팀원,2021-12-01,in.park@soosan.co.kr,010-2855-6706,041-539-0298,--
박재건,대리,수산세보틱스,총무지원팀,팀원,2024-12-16,asd1234@soosan.co.kr,010-4401-1091,--,--
박주희,대리,수산세보틱스,경영관리팀,팀원,2018-08-13,wngml2031@soosan.co.kr,010-6479-2031,--,--
선지강,대리,수산세보틱스,국내영업2팀,팀원,2025-05-21,jg.sun@soosan.co.kr,010-7928-9055,--,--
오한별,대리,수산세보틱스,생산기술팀,팀원,2022-06-07,hb.oh@soosan.co.kr,010-5031-6754,--,--
유일선,대리,수산세보틱스,외주구매팀,팀원,2021-11-15,is.yoo@soosan.co.kr,010-3355-3719,--,--
윤의석,대리,수산세보틱스,해외영업팀,팀원,2025-06-16,es.yoon@soosan.co.kr,010-9087-4908,--,--
윤준혁1,대리,수산세보틱스,품질관리팀,팀원,2021-12-01,jh.yun@soosan.co.kr,010-9883-2693,--,--
이강욱,대리,수산세보틱스,품질관리팀,팀원,2022-02-10,ku.lee@soosan.co.kr,010-6389-2511,--,--
이병헌,대리,수산세보틱스,총무지원팀,팀원,2022-03-02,bh.lee1@soosan.co.kr,010-5134-2024,--,--
이아름,대리,수산세보틱스,경영관리팀,팀원,2022-05-19,ar.lee@soosan.co.kr,010-3279-0199,--,--
이용진,대리,수산세보틱스,자재팀,팀원,2017-02-13,jin0711@soosan.co.kr,010-3864-8267,--,041-546-0024
이유신,대리,수산세보틱스,경영관리팀,팀원,2021-06-21,ly.shin@soosan.co.kr,010-4551-9186,--,--
이재훈,대리,수산세보틱스,구매팀,팀원,2024-07-08,jh.lee4@soosan.co.kr,010-4717-4694,--,--
이종원,대리,수산세보틱스,품질관리팀,팀원,2021-04-12,jw.lee@soosan.co.kr,010-4371-3775,--,--
이종혁,대리,수산세보틱스,생산팀-관리,팀원,2021-09-27,jh.lee3@soosan.co.kr,010-7338-0181,--,--
이종호,대리,수산세보틱스,IT혁신팀,팀원,2022-07-01,jh.lee5@soosan.co.kr,010-4865-5405,--,--
이지호,대리,수산세보틱스,외주구매팀,팀원,2020-01-06,kimsh7560@soosan.co.kr,010-4916-2689,--,--
이진,대리,수산세보틱스,인사기획팀,팀원,2015-08-17,wlsdl9712@soosan.co.kr,010-9354-3302,041-539-0365,--
정민호,대리,수산세보틱스,자재팀,팀원,2021-08-09,mh.jeong@soosan.co.kr,010-9358-3594,--,--
최수빈,대리,수산세보틱스,구매팀,팀원,2021-06-17,sb.choi@soosan.co.kr,010-5413-3874,041-539-0267,041-547-0017
최연지,대리,수산세보틱스,인사기획팀,팀원,2024-09-06,yjchoi@soosan.co.kr,010-5687-4812,031-350-5156,--
최원조,대리,수산세보틱스,생산기술팀,팀원,2023-08-09,wj.choi@soosan.co.kr,010-9423-3061,--,--
홍경남,대리,수산세보틱스,품질관리팀,팀원,2018-06-04,gca2020@soosan.co.kr,010-6433-7429,--,--
김민준,대리,수산세보틱스,BR개발팀,,2022-12-01,mj.kim@soosan.co.kr,010-2465-2534,--,--
권순호,사원,수산세보틱스,국내영업2팀,팀원,2025-07-01,sh.kwon@soosan.co.kr,010-8971-6641,041-539-0397,070-7611-2390
권주희,사원,수산세보틱스,BR영업팀,팀원,2022-01-24,jh.kwon@soosan.co.kr,010-8768-6113,--,--
김수안,사원,수산세보틱스,BR생산팀,팀원,2026-04-06,sa.kim@soosan.co.kr,010-4079-1083,--,--
김준호,사원,수산세보틱스,부품팀,팀원,2024-02-19,jh.kim5@soosan.co.kr,010-9975-7207,041-539-0279,--
김진욱,사원,수산세보틱스,BR영업팀,팀원,2025-04-14,jw.kim1@soosan.co.kr,010-6763-2206,--,--
남광호,사원,수산세보틱스,BR자재부품팀,팀원,2021-05-12,gh.nam@soosan.co.kr,010-6890-7718,--,--
박길순,사원,수산세보틱스,BR생산팀,팀원,2024-12-09,park.ks@soosan.co.kr,010-9040-3436,--,--
박도영,사원,수산세보틱스,BR영업팀,팀원,2026-04-27,dy.park1@soosan.co.kr,010-2571-1789,--,--
박용성,사원,수산세보틱스,BR영업팀,팀원,2023-03-13,ys.park@soosan.co.kr,010-9091-0233,--,--
박찬기,사원,수산세보틱스,BR자재부품팀,팀원,2022-10-11,ck.park@soosan.co.kr,010-2524-4137,--,--
손남국,사원,수산세보틱스,부품팀,팀원,2024-06-03,ng.son@soosan.co.kr,010-2403-1747,--,--
신민섭,사원,수산세보틱스,BR자재부품팀,팀원,2025-12-26,ms.shin@soosan.co.kr,010-3318-3493,--,--
신태섭,사원,수산세보틱스,BR품질서비스팀,팀원,2025-12-26,ts.shin@soosan.co.kr,010-8554-3471,--,--
심수흥,사원,수산세보틱스,부품팀,팀원,2022-04-11,sh.shim@soosan.co.kr,010-5794-0644,--,--
안예준,사원,수산세보틱스,디지털혁신팀,팀원,2025-07-01,yj.an1@soosan.co.kr,010-2502-7820,--,--
유혜원,사원,수산세보틱스,생산팀-관리,팀원,2022-01-03,hw.yoo@soosan.co.kr,010-5657-2816,--,--
윤상학,사원,수산세보틱스,총무지원팀,팀원,2024-03-25,sh.yoon1@soosan.co.kr,010-4679-9278,--,--
이선범,사원,수산세보틱스,부품팀,팀원,2025-09-08,sb.lee@soosan.co.kr,010-3959-1712,--,--
이유빈,사원,수산세보틱스,고객지원팀,팀원,2022-02-10,yb.lee@soosan.co.kr,010-3967-9757,--,--
임현철,사원,수산세보틱스,고객지원팀,팀원,2021-08-09,hc.lim@soosan.co.kr,010-4923-3317,--,--
장유민,사원,수산세보틱스,해외영업팀,팀원,2025-06-18,ym.jang@soosan.co.kr,010-3296-3247,--,--
전창용,사원,수산세보틱스,고객지원팀,팀원,2021-03-08,cy.jeon@soosan.co.kr,010-2785-3170,--,--
정승혁,사원,수산세보틱스,CR생산팀,팀원,2025-12-26,sh.jeong@soosan.co.kr,010-2584-8365,--,--
정재윤,사원,수산세보틱스,고객지원팀,팀원,2024-04-01,jy.yoon@soosan.co.kr,010-9698-6236,--,--
천재현,사원,수산세보틱스,BR생산팀,팀원,2025-07-21,jh.cheon@soosan.co.kr,010-9412-8451,031-350-5284,--
최영삼,사원,수산세보틱스,BR생산팀,팀원,2021-01-01,cs133@soosan.co.kr,010-2385-9095,--,--
표경윤,사원,수산세보틱스,안전환경보건팀,팀원,2021-03-02,gy.pyo@soosan.co.kr,010-6273-8135,031-350-5194,--
황정수,사원,수산세보틱스,총무지원팀,팀원,2025-12-26,js.hwang@soosan.co.kr,010-8131-8169,--,--
강민준,주임보,수산세보틱스,가공라인,팀원,2021-08-18,mj.kang@soosan.co.kr,010-2520-3338,--,--
강석철,주임,수산세보틱스,BR생산팀,팀원,2013-11-25,chnl4937@soosan.co.kr,010-2045-8017,--,--
강정식,직장,수산세보틱스,전기라인,팀원,1998-09-01,js.kang@soosan.co.kr,010-4100-3901,--,--
강준형,직장,수산세보틱스,1라인,팀원,1999-10-13,kjh1802@soosan.co.kr,010-5120-1800,--,--
강한순,반장,수산세보틱스,3라인,팀원,2019-02-11,khansoon@soosan.co.kr,010-6822-3713,--,--
고기현,직장,수산세보틱스,2라인,팀원,1995-03-01,gh.go@soosan.co.kr,010-5291-5069,--,--
곽호진,주임보,수산세보틱스,제관라인,팀원,2024-01-02,hj.gwak@soosan.co.kr,010-8208-3169,--,--
권오석,반장보,수산세보틱스,BR생산팀,팀원,2012-06-04,sub20905@soosan.co.kr,010-8662-2792,--,--
권태범,주임보,수산세보틱스,CR생산팀,팀원,2025-12-26,tb.gwon@soosan.co.kr,010-4924-1183,--,--
김갑태,주임,수산세보틱스,BR생산팀,팀원,2021-06-21,kt.kim@soosan.co.kr,010-5447-5497,--,--
김광균,반장,수산세보틱스,생산기술팀,팀원,2002-04-29,footb33@soosan.co.kr,010-3202-7888,--,--
김광석,반장,수산세보틱스,가공라인,팀원,2002-12-03,kgs402032@soosan.co.kr,010-2432-9273,--,--
김남균,주임보,수산세보틱스,BR생산팀,팀원,2021-03-17,nk.kim@soosan.co.kr,010-3379-6002,--,--
김다훈,생산사원,수산세보틱스,1라인,팀원,2024-03-25,dh.kim3@soosan.co.kr,010-7765-5488,--,--
김덕만,직장,수산세보틱스,고객지원팀,팀원,1990-04-12,kimdm@soosan.co.kr,010-9028-0107,--,--
김동우,직장,수산세보틱스,전기라인,팀원,1993-03-01,dw.kim@soosan.co.kr,010-6418-5481,--,--
김동원,직장,수산세보틱스,BR생산팀,팀원,1988-01-18,kdw@soosan.co.kr,010-7336-3851,--,--
김명선,반장,수산세보틱스,외주구매팀,팀원,2025-12-26,ms.kim@soosan.co.kr,010-6221-7506,--,031-624-4768
김상균,주임보,수산세보틱스,BR생산팀,팀원,2021-05-24,sg.kim@soosan.co.kr,010-3304-1475,--,--
김상성,반장,수산세보틱스,고객지원팀,팀원,2004-07-09,kiss771125@soosan.co.kr,010-3475-0644,--,--
김상현,주임보,수산세보틱스,CR생산팀,팀원,2025-12-26,sh.kim2@soosan.co.kr,010-5249-5266,--,--
김성진,직장,수산세보틱스,BR생산팀,팀원,1991-08-08,kimsj@soosan.co.kr,010-6741-9492,--,--
김세기,주임,수산세보틱스,2라인,팀원,2018-10-10,sk.kim@soosan.co.kr,010-5021-4881,--,--
김승현,주임,수산세보틱스,BR생산팀,팀원,2012-06-04,ksh5724@soosan.co.kr,010-4115-9290,--,--
김영래,반장,수산세보틱스,가공라인,팀원,2012-12-03,park2hs@soosan.co.kr,010-4140-4169,--,--
김영우,직장,수산세보틱스,1라인,팀원,1996-03-11,nmg01@soosan.co.kr,010-5627-7993,--,--
김용일,반장보,수산세보틱스,제관라인,팀원,2022-01-10,yi.kim@soosan.co.kr,010-9017-1067,--,--
김일환,반장보,수산세보틱스,3라인,팀원,2021-08-09,ih.kim@soosan.co.kr,010-7907-7433,--,--
김재주,주임보,수산세보틱스,3라인,팀원,2015-05-11,jj.kim@soosan.co.kr,010-5466-2392,--,--
김정호,직장,수산세보틱스,제관라인,팀원,1993-12-06,jhk65@soosan.co.kr,010-8627-1327,--,--
김종환,반장,수산세보틱스,고객지원팀,팀원,2002-10-28,kjh123@soosan.co.kr,010-2673-4318,--,--
김준철,주임보,수산세보틱스,CR생산팀,팀원,2025-12-26,jc.kim@soosan.co.kr,010-5700-8687,--,--
김지홍,직장보,수산세보틱스,BR생산팀,팀원,2001-05-28,kjh@soosan.co.kr,010-3289-9161,--,--
김혁,주임보,수산세보틱스,CR생산팀,팀원,2025-12-26,h.kim@soosan.co.kr,010-2162-4177,--,--
김현구,반장보,수산세보틱스,가공라인,팀원,2008-02-19,hg.kim1@soosan.co.kr,010-2480-0907,--,--
김형근,직장보,수산세보틱스,BR자재부품팀,팀원,2000-12-13,hkkim@soosan.co.kr,010-3308-6145,--,--
김형남,반장보,수산세보틱스,생산팀,팀원,2021-05-06,hn.kim@soosan.co.kr,010-4786-9309,--,--
김호방,반장보,수산세보틱스,3라인,팀원,2007-10-01,hb.kim@soosan.co.kr,010-6399-0639,--,--
김화겸,주임,수산세보틱스,가공라인,팀원,2015-10-01,wg.kim@soosan.co.kr,010-2043-4123,--,--
김회중,직장,수산세보틱스,품질관리팀,팀원,2025-12-26,khj@soosan.co.kr,010-5350-3499,--,--
류재성,직장,수산세보틱스,품질관리팀,팀원,1993-03-05,lyu7786@soosan.co.kr,010-9087-7785,--,--
마정훈,주임,수산세보틱스,전기라인,팀원,2017-05-11,jh.ma@soosan.co.kr,010-9535-3016,--,--
마지환,주임,수산세보틱스,CR생산팀,팀원,2025-12-26,mjh@soosan.co.kr,010-8502-3070,--,--
민지홍,주임,수산세보틱스,1라인,팀원,2023-03-20,jh.min@soosan.co.kr,010-7138-1667,--,--
박갑진,반장보,수산세보틱스,제관라인,팀원,2007-01-02,pkj1234@soosan.co.kr,010-4817-0065,--,--
박기운,생산사원,수산세보틱스,가공라인,팀원,2023-01-02,gw.park@soosan.co.kr,010-4336-4443,--,--
박명호,반장보,수산세보틱스,BR자재부품팀,팀원,2019-03-01,mh.park@soosan.co.kr,010-5623-3594,--,--
박민호,반장,수산세보틱스,고객지원팀,팀원,2007-01-22,prk0594@soosan.co.kr,010-9323-0594,--,--
박민호1,주임보,수산세보틱스,가공라인,팀원,2022-03-14,mh.park1@soosan.co.kr,010-5113-4346,--,--
박성복,직장보,수산세보틱스,제관라인,팀원,2000-06-23,psb3365@soosan.co.kr,010-2222-9966,--,--
박성엽,반장보,수산세보틱스,품질관리팀,팀원,2025-12-26,psy0704@soosan.co.kr,010-5294-8754,--,--
박영주,반장보,수산세보틱스,1라인,팀원,2008-08-07,yj.park@soosan.co.kr,010-2468-3584,--,--
박진수,반장보,수산세보틱스,BR생산팀,팀원,2021-07-01,js.park@soosan.co.kr,010-6206-7981,--,--
백건열,주임보,수산세보틱스,BR생산팀,팀원,2022-08-08,gy.baek@soosan.co.kr,010-3701-6803,--,--
백승기,직장보,수산세보틱스,품질관리팀,팀원,1999-10-11,bak333kr@soosan.co.kr,010-9972-1721,041-539-0244,--
백승민,직장보,수산세보틱스,고객지원팀,팀원,2001-10-08,min7503@soosan.co.kr,010-8630-4368,--,--
서경우,직장,수산세보틱스,로드생산팀,팀원,2025-12-26,skw@soosan.co.kr,010-4167-5332,--,--
서정원,주임보,수산세보틱스,BR생산팀,팀원,2022-11-07,jw.seo@soosan.co.kr,010-5443-8481,--,--
성대호,주임,수산세보틱스,제관라인,팀원,2022-04-18,dh.sung@soosan.co.kr,010-6376-3789,--,--
송우진,반장,수산세보틱스,고객지원팀,팀원,2021-07-05,wj.song@soosan.co.kr,010-8220-3002,--,--
신경진,주임,수산세보틱스,제관라인,팀원,2015-10-01,gj.shin@soosan.co.kr,010-8279-8332,--,--
신동현,주임보,수산세보틱스,CR생산팀,팀원,2025-12-26,dh.shin@soosan.co.kr,010-4876-1252,--,--
심윤근,주임,수산세보틱스,BR생산팀,팀원,2012-02-08,syg@soosan.co.kr,010-6465-1743,--,--
안상국,주임보,수산세보틱스,BR생산팀,팀원,2025-07-01,sk.ahn@soosan.co.kr,010-9204-6476,--,--
안성광,반장보,수산세보틱스,고객지원팀,팀원,2007-08-06,ask0318@soosan.co.kr,010-5387-3161,--,--
안영철,주임,수산세보틱스,BR생산팀,팀원,2026-04-06,yc.an@soosan.co.kr,010-2752-4406,--,--
안태영,반장보,수산세보틱스,BR생산팀,팀원,2011-03-05,stomeill@soosan.co.kr,010-9416-9778,--,--
양성모,주임보,수산세보틱스,가공라인,팀원,2021-04-01,sm.yang@soosan.co.kr,010-7150-6349,--,--
오상수,반장보,수산세보틱스,2라인,팀원,2009-10-07,dinos78@soosan.co.kr,010-3402-0633,--,--
오세현,반장보,수산세보틱스,고객지원팀,팀원,2007-06-18,kogac@soosan.co.kr,010-2186-7197,--,--
오재만,직장,수산세보틱스,생산팀,팀원,2012-12-01,kppdg88@soosan.co.kr,010-4188-3847,041-539-0283,041-539-0237
오혜성,주임보,수산세보틱스,고객지원팀,팀원,2022-07-15,hs.oh@soosan.co.kr,010-8859-9269,--,--
원정환,주임,수산세보틱스,BR생산팀,팀원,2023-02-20,jh.won@soosan.co.kr,010-4941-5643,--,--
유동진,반장보,수산세보틱스,1라인,팀원,2008-02-19,dj.yoo@soosan.co.kr,010-2090-2613,--,--
유자현,주임,수산세보틱스,BR생산팀,팀원,2012-12-03,yjh@soosan.co.kr,010-7746-4546,--,--
유창식,주임보,수산세보틱스,전기라인,팀원,2026-07-22,cs.yoo@soosan.co.kr,010-9039-1027,--,--
윤관호,주임보,수산세보틱스,CR생산팀,팀원,2025-12-26,gh.yoon@soosan.co.kr,010-2653-0157,--,--
윤재원,주임보,수산세보틱스,생산팀-관리,팀원,2023-06-07,jw.yun@soosan.co.kr,010-9682-1232,--,--
윤정관,직장보,수산세보틱스,1라인,팀원,1997-01-06,497005@soosan.co.kr,010-8814-2829,--,--
윤환식,주임보,수산세보틱스,2라인,팀원,2017-04-06,hs.youn@soosan.co.kr,010-9097-0940,--,--
이강희,직장,수산세보틱스,BR품질서비스팀,팀원,1989-08-16,leekh@soosan.co.kr,010-8869-9867,--,350-5290-
이강희1,직장,수산세보틱스,BR생산팀,팀원,2021-07-01,gh.lee@soosan.co.kr,010-3889-8367,--,--
이덕표,반장보,수산세보틱스,BR생산팀,팀원,2010-02-18,leedp@soosan.co.kr,010-9489-0349,--,--
이덕희,직장,수산세보틱스,BR품질서비스팀,팀원,2025-12-26,leedh@soosan.co.kr,010-4607-6620,--,--
이동근,직장보,수산세보틱스,2라인,팀원,1999-10-11,ldg8287@soosan.co.kr,010-7524-8287,--,--
이모준,반장보,수산세보틱스,3라인,팀원,2008-08-07,mj.lee@soosan.co.kr,010-2083-8776,--,--
이배길,반장,수산세보틱스,2라인,팀원,2021-07-01,bg.lee@soosan.co.kr,010-2526-8391,--,--
이부열,직장,수산세보틱스,BR생산팀,팀원,2025-12-26,lby@soosan.co.kr,010-6689-8691,--,--
이상현,주임,수산세보틱스,BR생산팀,팀원,2013-10-28,lsh@soosan.co.kr,010-7136-4518,--,--
이순금,직장,수산세보틱스,CR생산팀,팀원,2025-12-26,leesk@soosan.co.kr,010-5670-4175,--,--
이순한,반장,수산세보틱스,2라인,팀원,2002-06-01,sh.lee@soosan.co.kr,010-2527-7671,--,--
이용청,주임,수산세보틱스,2라인,팀원,2021-04-01,yc.lee@soosan.co.kr,010-8960-7645,--,--
이윤주,주임,수산세보틱스,3라인,팀원,2022-05-30,yj.lee@soosan.co.kr,010-4142-4005,--,--
이정훈,직장,수산세보틱스,품질관리팀,팀원,1991-08-08,yjhun@soosan.co.kr,010-6802-0154,--,--
이종서,주임보,수산세보틱스,가공라인,팀원,2021-02-22,js.lee@soosan.co.kr,010-3523-5770,--,--
이효문,주임,수산세보틱스,BR품질서비스팀,팀원,2025-12-26,lhmpt@soosan.co.kr,010-6430-6269,--,--
이희곤,반장,수산세보틱스,가공라인,팀원,2003-04-07,hee4030@soosan.co.kr,010-4121-4891,--,--
임태상,반장,수산세보틱스,자재팀,팀원,2006-09-04,ss4803@soosan.co.kr,010-8826-4803,--,--
장동휘,직장,수산세보틱스,총무지원팀,팀원,2025-12-26,jdhu@soosan.co.kr,010-3334-3560,--,--
장종성,반장보,수산세보틱스,로드생산팀,팀원,2025-12-26,js680323@soosan.co.kr,010-2489-7382,--,--
전구,직장보,수산세보틱스,CR생산팀,팀원,2025-12-26,jgoo@soosan.co.kr,010-8965-8875,--,--
정재훈,반장보,수산세보틱스,생산팀,팀원,2006-02-24,jh.chong@soosan.co.kr,010-5409-8933,--,--
정혜수,반장보,수산세보틱스,2라인,팀원,2007-10-01,hs.jeong@soosan.co.kr,010-4820-5514,--,--
정희영,주임보,수산세보틱스,BR생산팀,팀원,2022-10-11,hy.jung@soosan.co.kr,010-8688-7874,--,--
조성진,주임,수산세보틱스,CR생산팀,팀원,2025-12-26,sjcho@soosan.co.kr,010-9039-1426,--,--
조성학,주임보,수산세보틱스,3라인,팀원,2021-02-22,sh.jo@soosan.co.kr,010-3411-2367,--,--
조현관,주임보,수산세보틱스,1라인,팀원,2022-03-21,hk.cho@soosan.co.kr,010-3974-7893,--,--
천광석,직장보,수산세보틱스,CR생산팀,팀원,2003-07-01,ckk@soosan.co.kr,010-3799-1582,--,--
최장수,주임보,수산세보틱스,BR생산팀,팀원,2021-08-09,js.choi@soosan.co.kr,010-8208-2711,--,--
최재억,생산사원,수산세보틱스,1라인,팀원,2021-03-15,je.choi@soosan.co.kr,010-4949-6391,--,--
최정훈,직장보,수산세보틱스,1라인,팀원,2001-05-07,cjh016@soosan.co.kr,010-8814-8820,--,--
하명남,직장,수산세보틱스,BR생산팀,팀원,1993-12-07,hmn@soosan.co.kr,010-6239-1504,--,--
하순호,직장보,수산세보틱스,생산팀,팀원,2020-07-01,hsh@soosan.co.kr,010-3089-3531,--,--
하창우,주임,수산세보틱스,1라인,팀원,2017-07-03,cw.ha@soosan.co.kr,010-9916-6071,--,--
한창수,직장보,수산세보틱스,고객지원팀,팀원,2004-11-01,hancs@soosan.co.kr,010-9008-0919,--,350-5296-
허명,직장,수산세보틱스,BR생산팀,팀원,1989-11-22,hm@soosan.co.kr,010-8868-9571,--,--
황공식,반장보,수산세보틱스,CR생산팀,팀원,2025-12-26,gs.hwang@soosan.co.kr,010-5545-9889,--,--
황인용,반장,수산세보틱스,전기라인,팀원,2006-09-19,zmio@soosan.co.kr,010-2300-9117,--,--
권기원,직장,수산세보틱스,BR생산팀,선임직장,1991-05-28,kkw@soosan.co.kr,010-5202-6403,--,--
권순봉,직장,수산세보틱스,CR생산팀,공장장,2025-12-26,ksbong@soosan.co.kr,010-8650-0953,--,--
금서우,반장보,수산세보틱스,전기라인,라인장,2011-02-23,soulsky@soosan.co.kr,010-9207-4693,--,--
김덕수,반장,수산세보틱스,3라인,라인장,2006-09-11,hunter77@soosan.co.kr,010-2236-7924,--,--
김영산,직장보,수산세보틱스,제관라인,라인장,2001-04-18,bmw032@soosan.co.kr,010-5439-4603,--,--
김정철,반장,수산세보틱스,1라인,라인장,2013-02-25,yhk218@soosan.co.kr,010-2646-5878,--,--
김천일,직장,수산세보틱스,BR생산팀,공장장,2024-01-01,kimci@soosan.co.kr,010-9088-9130,--,--
박영웅,직장,수산세보틱스,BR생산팀,선임직장,2023-04-01,pyw@soosan.co.kr,010-8154-1588,--,--
이용대,직장,수산세보틱스,BR생산팀,선임직장,1991-07-23,ydlee@soosan.co.kr,010-2772-4526,--,--
이흥수,반장,수산세보틱스,BR생산팀,선임직장,1990-07-28,leehsoo@soosan.co.kr,010-9188-6221,--,--
임성길,직장,수산세보틱스,가공라인,라인장,1992-03-23,sung492025@soosan.co.kr,010-3471-4410,--,--
전형표,직장,수산세보틱스,BR생산팀,선임직장,2021-08-01,hp.jeon@soosan.co.kr,010-3708-9836,--,--
조창용,직장,수산세보틱스,2라인,라인장,1993-11-03,493127@soosan.co.kr,010-9015-2951,--,--
최원기,반장,수산세보틱스,BR생산팀,선임직장,2003-07-01,cwk0602@soosan.co.kr,010-5516-2552,--,--
박성봉,반장,수산세보틱스,노동조합,사무장,2006-09-18,psbme@soosan.co.kr,010-8821-4683,--,--
심선보,반장,수산세보틱스,노동조합,지부장,2012-04-11,ssb@soosan.co.kr,010-6383-4704,--,--
지홍종,직장,수산세보틱스,노동조합,위원장,2012-12-01,jihj37@soosan.co.kr,010-4480-7608,--,--
김진식,직장보,수산세보틱스,생산팀,,2020-04-08,js.kim1@soosan.co.kr,010-5009-9307,--,--
박상준,반장보,수산세보틱스,고객지원팀,,2007-10-01,sjpark@soosan.co.kr,010-8830-1564,--,--
최영주,반장,수산세보틱스,고객지원팀,,2019-11-29,cyj@soosan.co.kr,010-2020-1443,--,--
이동재,전문연구원,수산세보틱스,기술관리팀,팀장,1991-08-06,djkhdh@soosan.co.kr,010-8810-5695,041-539-0333,041-547-0019
김경호,전문연구원,수산세보틱스,BR개발팀,팀장,1994-04-01,kimgho@soosan.co.kr,010-2567-0152,--,--
김남수,전문연구원,수산세보틱스,SA개발팀,팀장,2008-04-28,kimns@soosan.co.kr,010-8104-9597,031-350-5179,--
김상하,전문연구원,수산세보틱스,CR개발팀,팀장,2000-12-18,ksangha@soosan.co.kr,010-4243-4314,031-350-5177,--
김영래1,전문연구원-보,수산세보틱스,제어2팀,팀장,2022-07-01,yr.kim@soosan.co.kr,010-6753-9981,--,--
김영준,전문연구원-보,수산세보틱스,특장개발1팀,팀장,2007-10-08,azecom@soosan.co.kr,010-9600-5434,041-539-0318,041-547-0019
김홍기,전문연구원,수산세보틱스,구조해석팀,팀장,2020-05-01,hg.kim@soosan.co.kr,010-4816-0863,--,--
박인화,전문연구원-보,수산세보틱스,천공기개발2팀,팀장,2008-12-01,wavepih@soosan.co.kr,010-5601-4888,--,--
안수철,전문연구원-보,수산세보틱스,천공기개발1팀,팀장,2021-04-01,scan78@soosan.co.kr,010-6495-9443,--,--
유웅식,전문연구원-보,수산세보틱스,제어1팀,팀장,2019-11-29,yoows@soosan.co.kr,010-9918-8921,041-539-0362,041-547-0019
이세원,전문연구원-보,수산세보틱스,특장개발2팀,팀장,2021-05-17,sw.lee@soosan.co.kr,010-2596-8170,041-539-0385,041-539-0287
강윤모,연구원,수산세보틱스,BR개발팀,팀원,2023-06-19,ym.kang@soosan.co.kr,010-3925-6424,--,--
강일호,주임연구원,수산세보틱스,CR개발팀,팀원,2023-05-18,ih.kang@soosan.co.kr,010-4146-6296,--,--
김강윤,연구원,수산세보틱스,구조해석팀,팀원,2025-08-11,gy.kim@soosan.co.kr,010-2599-9785,--,--
김대연,주임연구원,수산세보틱스,선행기술팀,팀원,2021-09-01,dy.kim@soosan.co.kr,010-2234-3203,--,--
김동환,선임연구원,수산세보틱스,CR개발팀,팀원,2015-06-01,dh.kim@soosan.co.kr,010-9112-8120,--,--
김선진,연구원,수산세보틱스,천공기개발2팀,팀원,2024-03-04,sj.kim@soosan.co.kr,010-8926-2366,--,--
김용진,전문연구원,수산세보틱스,SA개발팀,팀원,2023-06-01,yj.kim@soosan.co.kr,010-4922-0258,--,--
김장수,선임연구원,수산세보틱스,SA개발팀,팀원,2025-12-26,jangsoodoly@soosan.co.kr,010-9158-9146,--,--
김찬혁,주임연구원,수산세보틱스,천공기개발1팀,팀원,2016-09-19,cksgur0844@soosan.co.kr,010-3355-8234,--,--
김홍래,주임연구원,수산세보틱스,특장개발1팀,팀원,2021-05-06,hr.kim@soosan.co.kr,010-6222-6140,--,--
박민규,선임연구원,수산세보틱스,제어2팀,팀원,2021-10-18,mg.park@soosan.co.kr,010-3230-8117,--,--
박태진,주임연구원,수산세보틱스,천공기개발1팀,팀원,2021-06-28,tj.park@soosan.co.kr,010-4841-3541,--,--
서정훈,주임연구원,수산세보틱스,CR개발팀,팀원,2021-03-15,jh.seo@soosan.co.kr,010-8610-9923,--,--
성준규,주임연구원,수산세보틱스,BR개발팀,팀원,2022-12-01,jk.seong@soosan.co.kr,010-7766-4813,--,--
신윤수,선임연구원,수산세보틱스,SA개발팀,팀원,2019-07-01,sinys94@soosan.co.kr,010-6476-6268,031-350-5189,--
신혁진,주임연구원,수산세보틱스,CR개발팀,팀원,2022-07-18,hj.shin@soosan.co.kr,010-3350-3853,--,--
안범진,연구원,수산세보틱스,제어2팀,팀원,2025-07-14,bj.ahn@soosan.co.kr,010-2023-0319,--,--
염민규,전문연구원-보,수산세보틱스,구조해석팀,팀원,2025-10-20,mk.yeom@soosan.co.kr,010-7233-4013,--,--
오승우,선임연구원,수산세보틱스,SA개발팀,팀원,2025-12-26,sw.oh@soosan.co.kr,010-9855-8326,--,--
우민수,연구원,수산세보틱스,CR개발팀,팀원,2025-12-26,ms.woo@soosan.co.kr,010-4330-8107,--,--
원동석,선임연구원,수산세보틱스,천공기개발1팀,팀원,2023-05-02,ds.won@soosan.co.kr,010-9241-9588,--,--
윤준혁,책임연구원,수산세보틱스,천공기개발2팀,팀원,2013-11-04,yjh1941@soosan.co.kr,010-9414-1069,041-539-0352,--
윤진용,연구원,수산세보틱스,천공기개발1팀,팀원,2023-05-02,jy.yun@soosan.co.kr,010-5025-7313,041-539-0357,--
윤홍노,연구원,수산세보틱스,특장개발1팀,팀원,2023-04-17,hn.yoon@soosan.co.kr,010-8269-8042,--,--
이대성,선임연구원,수산세보틱스,특장개발1팀,팀원,2016-02-15,lds124k@soosan.co.kr,010-4417-8956,--,--
이민혁,연구원,수산세보틱스,CR개발팀,팀원,2022-04-01,mh.lee@soosan.co.kr,010-8384-5780,--,--
이병훈,주임연구원,수산세보틱스,특장개발2팀,팀원,2017-01-09,dlqudgns2504@soosan.co.kr,010-3170-7372,041-539-0361,--
이상호,연구원,수산세보틱스,구조해석팀,팀원,2025-05-12,sh.lee2@soosan.co.kr,010-2256-3701,--,--
이원진,주임연구원,수산세보틱스,특장개발1팀,팀원,2021-01-04,wj.lee@soosan.co.kr,010-8942-1669,041-539-0306,--
이윤석,책임연구원,수산세보틱스,특장개발2팀,팀원,2021-12-13,yoonsuk@soosan.co.kr,010-2812-9024,--,--
이정만,책임연구원,수산세보틱스,선행기술팀,팀원,2013-04-22,ljm548@soosan.co.kr,010-4232-9207,041-539-0322,--
이헌권,주임연구원,수산세보틱스,특장개발2팀,팀원,2021-10-07,hk.lee@soosan.co.kr,010-9084-7673,--,--
임태현,책임연구원,수산세보틱스,천공기개발1팀,팀원,2013-04-22,cjme27@soosan.co.kr,010-8960-6675,--,--
전민재,주임연구원,수산세보틱스,제어1팀,팀원,2022-10-31,mj.jeon@soosan.co.kr,010-7552-6657,--,--
정민제,주임연구원,수산세보틱스,제어2팀,팀원,2021-12-01,mj.jeong@soosan.co.kr,010-5040-7365,--,--
정한솔,주임연구원,수산세보틱스,천공기개발2팀,팀원,2017-11-01,gksthf7533@soosan.co.kr,010-2895-0670,041-539-0358,--
채연화,주임연구원,수산세보틱스,기술관리팀,팀원,2021-01-04,yh.chae@soosan.co.kr,010-3214-7689,--,--
천상원,주임연구원,수산세보틱스,제어1팀,팀원,2021-07-01,sw.cheon@soosan.co.kr,010-3743-1582,--,--
최동근,주임연구원,수산세보틱스,천공기개발1팀,팀원,2021-11-01,dk.choi@soosan.co.kr,010-4621-6748,--,--
최지혜,선임연구원,수산세보틱스,특장개발1팀,팀원,2023-05-02,jh.choi3@soosan.co.kr,010-3937-1039,--,--
하지원,연구원,수산세보틱스,기술관리팀,팀원,2025-12-26,jw.ha@soosan.co.kr,010-4664-5936,031-350-5142,--
허성욱,책임연구원,수산세보틱스,CR개발팀,팀원,2024-03-01,swhuh@soosan.co.kr,010-9307-4234,--,--
현규영,주임연구원,수산세보틱스,천공기개발1팀,팀원,2021-11-01,gy.hyun@soosan.co.kr,010-5634-3884,--,--
홍준기,연구원,수산세보틱스,제어1팀,팀원,2025-07-01,jg.hong@soosan.co.kr,010-5525-2305,--,--
황민석,책임연구원,수산세보틱스,제어1팀,팀원,2013-04-15,hms8705@soosan.co.kr,010-5470-0475,041-539-0354,041-547-0019
권태성,선임연구원,수산세보틱스,BR개발팀,,2016-11-14,ts.kwon@soosan.co.kr,010-9434-4384,--,--
문수진,주임연구원,수산세보틱스,BR개발팀,,2022-05-16,sj.moon@soosan.co.kr,010-9548-8668,--,--
황시우,전문연구원,수산세보틱스,BR개발팀,,2015-02-09,swhwang@soosan.co.kr,010-3717-4543,--,--
홍기서,전문위원,수산세보틱스,현장기술전문위원,전문위원,2012-12-01,492098@soosan.co.kr,010-4480-1976,041-5390-375,041-546-0024
안정재,고문,수산세보틱스,사외이사,고문,2025-12-26,jjahn@soosan.co.kr,--,--,--
양희준,고문,수산세보틱스,경영지원부문,고문,1987-04-09,yang0564@soosan.co.kr,010-4734-6792,--,--
김승수,실습생,수산세보틱스,인사기획팀,팀원,2026-07-01,ss.kim@soosan.co.kr,010-4178-7436,041-539-0212,041-539-0218
박정호,촉탁,수산세보틱스,총무지원팀,팀원,2025-12-26,jh.park@soosan.co.kr,010-4693-0739,--,--
송영애,촉탁,수산세보틱스,총무지원팀,팀원,2020-07-01,ye.song@soosan.co.kr,010-3494-7948,--,--
이하원,실습생,수산세보틱스,IT혁신팀,팀원,2026-07-01,hw.lee@soosan.co.kr,010-2285-6149,--,--
임봉열,촉탁,수산세보틱스,총무지원팀,팀원,2025-12-26,bl.lim@soosan.co.kr,010-2478-0742,--,--
경운배,촉탁,수산세보틱스,BR개발팀,촉탁,2026-04-15,ub.kyung@soosan.co.kr,--,--,--
성주근,촉탁,수산세보틱스,자재팀,촉탁,2009-11-01,sjg1101@soosan.co.kr,010-2596-6121,--,--
 부품구매,,수산세보틱스,수산세보틱스 유지보수,,2025-06-09,cebotics_parts@soosan.co.kr,010-9757-0465,--,--
RPA Robot,,수산세보틱스,총무지원팀,,2022-06-15,rpa.robot@soosan.co.kr,--,--,--
Zoom 인증 계정01,,수산세보틱스,총무지원팀,,2024-07-25,zoommeet01a@soosan.co.kr,010-5687-4812,--,--
Zoom 인증 계정02,,수산세보틱스,총무지원팀,,2024-07-25,zoommeet02a@soosan.co.kr,010-5687-4812,--,--
jhtest,,수산세보틱스,IT혁신팀,,2023-06-01,jhtest@soosan.co.kr,--,--,--
고객지원,,수산세보틱스,수산세보틱스 유지보수,,2025-06-09,cebotics_cs@soosan.co.kr,010-9757-0465,--,--
마케팅,,수산세보틱스,수산세보틱스 유지보수,,2025-06-09,cebotics_marketing@soosan.co.kr,010-9757-0465,--,--
세보틱스,,수산세보틱스,수산세보틱스 유지보수,,2025-03-24,cebotics@soosan.co.kr,010-9757-0465,--,--
수산스캔,,수산세보틱스,총무지원팀,,,soosanscan@soosan.co.kr,010-5687-4812,,
시스템관리자,,수산세보틱스,수산세보틱스 유지보수,,2026-01-16,it.cebo@soosan.co.kr,010-3389-1657,--,--
이하나,,수산세보틱스,수산세보틱스 유지보수,,2023-04-20,t222@soosan.co.kr,--,--,--
테스트01,,수산세보틱스,IT혁신팀,,2025-07-01,sjtest01@soosan.co.kr,--,--,--
화성_영양사,,수산세보틱스,총무지원팀,,2025-12-26,dietitian@soosan.co.kr,010-6331-2159,--,--
